video_id,video_timestamp,video_duration,video_locationcreated,suggested_words,video_diggcount,video_sharecount,video_commentcount,video_playcount,video_description,video_is_ad,video_stickers,author_username,author_name,author_followercount,author_followingcount,author_heartcount,author_videocount,author_diggcount,author_verified
7149546704931491078,2022-10-01T10:12:47,10,PL,,6900000,87400,11900,47000000,#popular #on #fyp ,False,,_nasta.sia7,_nasta.sia7,,,,,,False
7159995402106850565,2022-10-29T13:59:03,13,GB,"Staircase Makeover, Renovation, Stair Renovation, stair runner, Renovation Project, home renovations, Home Renovation Videos, Remodeling The Home, Home Makeover, Home Transformation",4800000,39500,4990,77900000,so worth it ğŸ¥º #fyp #renovationseries #staircasemakeover #renotok #fixerupper #staircaserenovation #stairrunner #renovatingourhome ,False,,amberormondroydhome,amberormondroydhome,,,,,,False
7141596989979921665,2022-09-10T00:03:54,18,AU,,2800000,17600,17000,20600000,yong22 @user578104 ,False,,nathaniel_lowe,Nathaniel_tom,,,,,,False
7267957906400726314,2023-08-16T12:28:49,20,US,"kalender 3 dimensi, artistic calendar pad, ripping calendar, calendar, satisfying calendar, Desk Calendar, Calendar Decorating, satisfying, artistic calendar, satisfying videos",2700000,96700,3945,33300000,Replying to @thindragpersson82 Most satisfying calendarğŸ„ Get yours nowğŸ˜Link in profileğŸ”— www.artropad.com #3dmemopad #satisfying #giftideas #deskdecoration #calendar #3dcalendar #mushroom ,False,,artropad,Artropad,,,,,,False
7166922063486192902,2022-11-17T04:58:04,15,DE,,2600000,3216,5992,15000000,He knew it would #tiktok #fyp #foryou #trending ,False,,linus_gahn,Linus Gahn,,,,,,False
7149741301494189317,2022-10-01T22:47:59,5,MX,,2400000,83800,38400,20000000,Contxto en inst a banda ya saben #tiktoksbuchones ,False,,gashiolasrt,Gashiola,,,,,,False
7189774279284624645,2023-01-17T18:56:21,58,GB,"legs snapped backwards on leg press, 400kg in lbs, guys legs snapped on leg press video, gym, how much is 400kg in lbs, guys legs snapped on leg press, leg press, larry wheels leg press, gym motivation, leg snapped leg press",2400000,51300,8667,14300000,400kg btw. #fyp #gymtok #legday #legpress #motivation #gymrats #bodybuilding ,False,,kodydoesfitness,Kody,,,,,,False
7162326759248121089,2022-11-04T20:46:38,12,AU,,2000000,9025,1605,14200000,Works everytime ##motorbike##fyp##bikelife,False,,inari.films,Inari,,,,,,False
7139237423581580550,2022-09-03T15:27:30,15,ES,,1900000,26200,15000,10700000,the fits >>> #fyp #fy #dance #viral #sisters,False,,krisandreamg,Andrea & Kristina,,,,,,False
7142139146285370630,2022-09-11T11:07:41,14,GB,,1600000,13600,5900,12000000,Day 36 of â€˜makingâ€™ the little sister do TikTok dances with meğŸ˜…@amyarcher02 Hope everyone has a great SundayğŸ«¶ğŸ»#fyp #dance #siblings #duo #viral #trending,False,,aaronarcher20,Aaron Archer,,,,,,False
7208268650845883694,2023-03-08T15:03:59,11,US,,1500000,30600,1024,19200000,#braidhack #braidstutorial #braid #braidstyles #hairhack #springhair #easyhairstyles #hairtrends #hairtrends2023 #cutehairstyles #springhairtrends #fypã‚· ,False,,mariaaiellohair,mariaaiellohair,,,,,,False
7144144874466594094,2022-09-16T20:50:58,22,US,"Thehypehouse, sweater weather dance tutorial, the hype house 2019, what happened to the hype house, shopping, grocery shopping, Shopping Tiktok, Grocery Store, Come Shopping With Me, Shopping With Me",1400000,4283,4617,10000000,Who wants to come grocery shopping with us? IB @andrea posner @Caleb Green ,False,,thehypehouse,The Hype House,,,,,,True
7153760268483382574,2022-10-12T18:43:33,20,US,,1400000,8633,1638,6700000,"Creds to the chick who did it first, good idea",False,,jrrett,Jarrett loeffler,,,,,,False
7176322733117115653,2022-12-12T12:57:25,27,CH,,1400000,11600,2294,7500000,Incredibleeee reflexğŸ˜±ğŸ˜±ğŸ˜±#savechildren #parents #willyoubecomeaparent #omg #children ,False,,plusdenomsdisponibles,Plusdenomsdisponibles,,,,,,False
7203539749544594734,2023-02-23T21:13:24,12,US,,1300000,26400,11600,8200000,are yâ€™all gaslighting me ,False,,kundaii,z,,,,,,False
7331559229846818053,2024-02-03T20:54:19,54,BR,"sweater weather, Sweater Weather X After Dark, the neighbourhood, sweater weather instrumental, sweater weather lyrics, sweater weather espaÃ±ol letra, sweater weather guitar, sweater weather edit, sweater weather slowed, sweater weather sped up",1300000,26300,2423,8200000,Sweather Weather || #viraliza #songs #fypã‚·ã‚š #foryou #tipografia #sweatherweather #theneighbourhood ,False,,bakysty,ğŸ¸,,,,,,False
7148813422568754438,2022-09-29T10:47:14,40,PL,,1100000,3691,6187,28000000,Amazing umbrella tutorial âœ¨â˜‚ï¸ Come back here tomorrow to see the result ğŸ¤­,False,,twinsstylee,Twins Style,,,,,,True
7146602655958174982,2022-09-23T11:48:19,32,DE,,1100000,3941,3575,11000000,for yall #tutorial ,False,,caputzi,caputzi,,,,,,False
7153323570532289793,2022-10-11T14:29:07,22,BY,,1100000,6471,12100,7900000,Itâ€™s been a while #Ğ´Ğ¸Ğ¿Ğ¸Ğ½Ñ #2022,False,,deepins,deepins,,,,,,True
7171488338346544389,2022-11-29T12:17:30,10,LU,,1100000,20900,4874,9700000,Gavi got that next level W rizzâš¡ï¸#gavi #worldcup #rizz  #pablogavi,False,,stebaninho.es,Dembouzzz,,,,,,False
7151236455606521131,2022-10-05T23:30:04,19,US,,1100000,18900,8988,7800000,#golakers #fyp ,False,,iamgreenfield,Max Greenfield,,,,,,False
7172315517942910214,2022-12-01T17:47:24,16,DE,,1100000,1832,422,10300000,Slide in my DMs if you want your own one ğŸ™ğŸ½  #diy #tutorial #instagramstories #enriquestory #fanart ,False,,enriquestory,EnriqueStory,,,,,,False
7153432538869009670,2022-10-11T21:31:50,12,MX,,1100000,6180,7280,10000000,bonita la luna #fyp ,False,,iamferv,katteyes,,,,,,False
7154215640029482282,2022-10-14T00:10:42,36,US,,1100000,277,619,5500000,ev deserves this so much! #labrantfamily #everleighrose #everleighlabrant #dance ,False,,editsofplenty,edits,,,,,,False
7145556670515514670,2022-09-20T16:09:27,19,US,"sweater weather sped up, dances trending 2022, sweater weather dance tutorial slow, Sweater Weather - The Neighbourhood, Weather Sweater, Sweater Weather Song By The Neighbourhood, sweater, The Sweater Song, sweater weather dance sped up, sweater weather dance one person",1000000,11800,5934,5600000,We will never get tired of this dance  ,False,,nicolasandemiliano,Nicolas & Emiliano,,,,,,True
7160066039433284910,2022-10-29T18:33:16,16,US,,1000000,13000,8640,8300000,One Love.. One House.. who would you chill with? ğŸˆğŸƒğŸ”ªğŸ”¥ğŸ’ #TikTokHalloween #Halloween ,False,,twistedpennywise,TwistedPennywise,,,,,,False
7138552379162578222,2022-09-01T19:09:07,13,US,"sweater weather dance tutorial, one love one house dance, sweater weather, one love one house, dances trending 2022, one love one house dance tutorial, it's too cold dance, coming down one love, sweater weather sped up, Sweater Weather By The Neighbourhood",994200,15900,0,8200000,,False,,c.t8508,Calleighâ€¦,,,,,,False
7143155490585922817,2022-09-14T04:51:40,19,JO,,964000,3416,1206,4900000,"when children are your main clients, expect nothing less than very random creativness! #kidstoys #customtoys #fyp #mybusiness #businessowner #crochettiktok #custommade ",False,,designerlittle_,designer little,,,,,,False
7159213231284784390,2022-10-27T11:23:49,29,FR,,760700,1776,3113,11000000,the reveal is coming out very soon ! #cosplay #fnaf #fivenightsatfreddy #goldenfreddy #halloween #fyp ,False,,yannisammarr,Yannisammar,,,,,,False
7163749662057434373,2022-11-08T15:47:30,15,GB,,681800,5783,3171,12600000,Take off my makeup wi meğŸ¥°ğŸ¥° #takingmakeupoff #acne #acnepositivity #texturedskin #acnejourney #beautybaycleansingbalm #acneskin ,False,,courtneyjones5252,Courtney Leigh,,,,,,False
7226422213728029978,2023-04-26T14:09:03,13,NL,,679000,18700,520,9700000,Easy and cute hairstyle ğŸŒ¸ğŸ¤ #springhairstyle #hairhacks #summerhair #hairstyletutorial #sacmodelleri #hairtok2023 ,False,,ayseacun_,Ayse Acun,,,,,,False
7147866746639092997,2022-09-26T21:33:41,7,MX,,671700,13600,7287,4500000,Explico en inst a por quÃ© #tiktoksbuchones ,False,,gashiolasrt,Gashiola,,,,,,False
7145489313311116550,2022-09-20T11:48:02,14,GB,,670800,2271,3381,5200000,ğŸ´ó §ó ¢ó ¥ó ®ó §ó ¿ Marcus Edwards - wow ğŸ¥µ #ChampionsLeague ,False,,championsleague,Champions League,,,,,,True
7151599595028598062,2022-10-06T22:59:10,15,US,,669700,1714,13600,6000000,good morning from seoulğŸ«¶ğŸ‡°ğŸ‡·,False,,pierson,Pierson,,,,,,True
7143374440620117294,2022-09-14T19:01:24,19,US,,667500,884,751,3900000,It was too cold so I gave Shellie my jacket ğŸ¥° #foryou #twins ,False,,splashtwinz,SplashTwinz,,,,,,True
7144471869750545670,2022-09-17T17:59:51,15,GB,,549700,308,2390,2600000,#foryoupage #username_mt #trend #foryou ,False,,isyaboi_mt,MT âœª,,,,,,False
7142242330492325162,2022-09-11T17:48:02,18,US,,466300,488,1181,4000000,,False,,mckenzibrooke,McKenzi Brooke,,,,,,True
7134053323929390378,2022-08-20T16:10:29,18,US,,462500,2212,5617,2500000,@lilly @asiah.blanks @aves @Savannah #fakebodyâš ï¸ #im21 #notreal,False,,user2727819134,Nyomi,,,,,,False
7142200947974950149,2022-09-11T15:07:36,18,IT,,461900,14900,10800,2500000,Ci ho messo due ore ad impararloğŸ™‚ interagite plsâ¤ï¸,False,,giuseppina.rossoo,Gnuc7,,,,,,False
7182250466158447873,2022-12-28T12:20:08,41,US,,459400,4287,1421,5000000,"Its my first try, donâ€™t judge me plsğŸ˜ #resinart #resinocean #epoxyresin #epoxy ",False,,evamillersha,ğŸ„ğŸ¼â€â™€ï¸Eva MillerğŸŒŠ,,,,,,True
7156214561383812398,2022-10-19T09:27:36,13,US,"Office Outfits, Outfits For Work, work outfits, Office Work Life, Work Life, Office Attire, law office outfits, office job, Office Casual Outfits, Chicks In The Office",412100,1687,5715,2500000,She is the moment. #icon #fyp #officelife #lawoffice,False,,camilag2244,Camila Guevara,,,,,,False
7143343739577142533,2022-09-14T17:02:08,15,US,,411200,1804,422,3300000,the man the myth,False,,noordabashh,noor,,,,,,False
7174764583486262533,2022-12-08T08:11:01,10,UA,,411100,23600,706,6100000,Ğ•Ğ³Ğ¾ Ğ»Ğ¸Ñ†Ğ¾ ğŸ˜‚ Ğ° Ğ½Ğ°Ñ‡Ğ¸Ğ½Ğ°Ğ»Ğ¾ÑÑŒ Ñ‚Ğ°Ğº ĞºÑ€Ğ°ÑĞ¸Ğ²Ğ¾â€¦,False,,lisa.stass,ğŸ¦ŠTWO.LATTEğŸº,,,,,,True
7329894024687439112,2024-01-30T09:12:29,124,GB,,409900,789,5291,8600000,Ternyata begini rasanya menjadi pekerja sawit ğŸ§‘ğŸ»â€ğŸŒ¾ğŸ’ªğŸ½,False,,zharif.dk,IamZharifğŸ‘‘,,,,,,False
7171173601184582918,2022-11-28T15:56:12,17,GB,,367100,6699,3210,5000000,She doesnâ€™t stand a chance with The Raider in my corner,False,,iamellebrooke,Elle Brooke ğŸ¥Š,,,,,,True
7283924595734809886,2023-09-28T13:07:41,10,US,,363900,6245,731,2000000,This & sweater weather,False,,kashhh1000,ğŸ™ğŸ½â€â™€ï¸,,,,,,False
7142099057115155717,2022-09-11T08:32:05,18,IT,,363800,2461,1717,3200000,Vedo del talento ğŸ˜‚,False,,la.samara,Samara tramontana,,,,,,False
7140710611444419846,2022-09-07T14:44:14,15,IT,,363500,1370,1237,2000000,random âš¡ï¸,False,,kalidelaouni,KalidğŸ¥·ğŸ½,,,,,,False
7143714126122994950,2022-09-15T16:59:25,15,CH,,363400,522,509,2000000,En mode 23h elle rentre de la danse mais il pleut donc elle doit mettre des doc avec un training ,False,,laynasacino,Layna,,,,,,False
7150862193075014917,2022-10-04T23:17:44,5,MX,,362800,16300,5789,2600000,#brujeria #octubreğŸƒ #fyp #paratii #turco #zbcxya ,False,,juanitajsjsjs,Juanita c:,,,,,,False
7211960432167292166,2023-03-18T14:49:52,7,FR,,362600,10600,1163,4800000,Câ€™est peut etre toi sui peut commentt,False,,oscar_prrt,oscar_prrt,,,,,,False
7228310771808210203,2023-05-01T16:17:42,59,GB,"Bulking Meals, how to bulk, pasta, Protein Meal, What I Eat In The Day, pasta bulking meal, what i eat a day, What I Ate, all i ate in a day, bulk body",360500,10400,859,4100000,Full day of eating on a 4k calories bulk âœ… #gymtips #bulking #weightgain #bulkingseason #fulldayofeating ,False,,tombeckles,Tom Beckles | Online Coach,,,,,,False
7142971820038360325,2022-09-13T16:58:51,23,GB,,359900,4582,1466,4700000,this trend > #ukquotecentral #trend #fyp #foryou #dance #tiktok #blowthisup #viral #xyzcba,False,,ukquotecentral,ğ™ªğ™ ğ™¦ğ™ªğ™¤ğ™©ğ™šğ™˜ğ™šğ™£ğ™©ğ™§ğ™–ğ™¡,,,,,,False
7169268410856066309,2022-11-23T12:43:02,8,MX,,344100,1365,782,2600000,Contxto en mi inst a bandağŸŒŠ #tiktoksbuchones ,False,,gashiolasrt,Gashiola,,,,,,False
7147309773367545093,2022-09-25T09:32:20,16,BR,"French Toast, french toast recipes, Toast, Banana French Toast, Making French Toast, Toast Recipes, Food Recipes, food aesthetic, toast bread, Healthy Food Recipe",343400,4704,559,4500000,french toast proteica de banana - sÃ³ isso mesmo ğŸ¤ŒğŸ¤¤ #frenchtoast #healthyfrenchtoast #receitasfaceis #receitaproteica #receitasaudÃ¡vel #healthylifestyle #receitafitness #dicasnutri #aesthetic #aesthetics #aestheticvideos #aestheticedits #satisfyingvideo #satisfying #videossatisfatorios #satisfyingedit #satisfatÃ³rio #nutricionista #foryou #foryoupage #fypã‚· ,False,,yasminfernandesnutri,Yasmin Fernandes,,,,,,False
7171473789786541318,2022-11-29T11:21:03,19,GB,,327600,3238,1813,2100000,The secret to UNLIMITED motivation. #smma #ecom #money #entrepreneur #matrix #arturoduarte #freedom #financialfreedom #mindset #motivation #dopaminedetox ,False,,itssarturoduarte,Arturo Duarte,,,,,,False
7160076583225642245,2022-10-29T19:14:07,13,MX,,326800,729,185,1600000,batilika y vatubelaâœ¨ğŸ¦‡ğŸ¦‡ğŸ¦‡ @Ilika Cruz ,False,,vanneamador,ğ“¥ ğ“ª ğ“· ğ“· ğ“®,,,,,,True
7260550802350099738,2023-07-27T13:25:25,14,NL,,325800,14100,229,4800000,Easy Cute Hairstyle ğŸ–¤âœ¨ #hairstyletutorial #hairideas #hairinspo #hairtrends #easyhairstyles #hairtok2023 #braidedhair ,False,,ayseacun_,Ayse Acun,,,,,,False
7157459209326529793,2022-10-22T17:57:39,20,GB,,324700,316,815,3200000,throwback to meeting fresh for the first time ğŸ¥²ğŸ’› #lachlan #fortnite #fresh #mrfreshasian #throwback #ogfortnite ,False,,lachlan,PWR Lachlan,,,,,,True
7164584433650044165,2022-11-10T21:46:51,8,BO,,324400,18500,3989,1300000,q envidia ğŸ‘„ #fypã‚· #fyp #XD #XD #fyp ,False,,caca_de_gatos,no,,,,,,False
7159025465984896262,2022-10-26T23:15:22,7,MX,,321900,3141,1733,3000000,Contexto del beso blanco en inst a #tiktoksbuchones ,False,,gashiolasrt,Gashiola,,,,,,False
7144487788019469573,2022-09-17T19:01:38,11,US,,321200,422,12000,2300000,Replying to @xannyxion instagram: treisi.zm  ğŸ’” ,False,,treisichkaaa,Ğ¢Ñ€ĞµĞ¹ÑÑ–,,,,,,False
7149915855495777542,2022-10-02T10:05:18,15,FR,,304600,296,664,2700000,Les coulisses de nos tiktoks ğŸ˜‚,False,,bboy.rominou,Bboy.rominou,,,,,,False
7336751649064586502,2024-02-17T20:43:33,15,US,"Emily Dobson, emily dobson glow up, emily dobson height, What Happened To Emily And Piper, how tall is emily dobson, emily dobson and gavin, emily dobson and piper, catherinemcdonough1, emily and piper, Emily Dobson Model Walk",293400,3521,818,1800000,old tiktok dances >> #fyp #dance #foryou #trend #2022tiktok #viral,False,,catherinemcdonough1,catherine,,,,,,False
7149284052032441606,2022-09-30T17:13:34,5,MX,,292800,10100,26900,2500000,PÃ¡sala por inst a #parati #fy #fypã‚· #foryoupage #amigos #frases #culiacan #tiktoksbuchones ,False,,gashiola,Gashiola,,,,,,False
7132646911500406062,2022-08-16T21:12:54,13,US,,292500,1747,1429,1800000,L locker room lighting #fyp #ReTokforNature #WeStickTogether,False,,valeriesilaa,val,,,,,,False
7172622749880438059,2022-12-02T13:39:43,15,US,,291200,1095,1511,2900000,#stitch with @iamellebrooke lol,False,,faithordway7,faithordway,,,,,,True
7241242009053285658,2023-06-05T12:37:26,15,GB,,290200,147300,17500,2900000,Itâ€™s not hard to do things for your girlfeiend. #boyfriend #girlfriend #couple #couplegoals #happy ,False,,notconor18new,NotConor18New,,,,,,False
7150312972265557253,2022-10-03T11:46:16,17,GB,,289900,2185,1499,2600000,Zlatan. Insane dribbler ğŸ¥µ#ChampionsLeague ,False,,championsleague,Champions League,,,,,,True
7151061498830376197,2022-10-05T12:10:57,15,DE,,278200,692,741,2300000,@_lena_n13 ğŸ˜‚,False,,julesboringlife,Jule,,,,,,True
7131271409430465834,2022-08-13T04:15:22,14,US,,278200,6133,25000,3600000,,False,,wonquall,Quall Undercover,,,,,,False
7172249294479559942,2022-12-01T13:30:25,17,DE,,278100,6384,759,1900000,Study at home :) #fyp #fypã‚· #fy #study #architecture ,False,,rafiye.s,Rafiye 42,,,,,,False
7141059122308386049,2022-09-08T13:16:36,17,CA,,277000,441,4494,2800000,Replying to @Psychoblade Weâ€™ll see later whatâ€™s the news #queenelizabeth #queen #uk #fyp ,False,,omaragamyy,Omar Agamy,,,,,,False
7147641629074083078,2022-09-26T07:00:12,18,IT,,275500,3822,0,2200000,@aneladj â¤ï¸ #neiperte ,False,,michellelapolla2,sonosempremichelle,,,,,,False
7156977425149185285,2022-10-21T10:47:46,16,GB,,275300,2851,1335,4000000,the best android app ğŸ«¶ #penlyapp #penly #digitalplanning #digitalplanner #androidapps #samsunggalaxy #androidtips #spen #digitalnotes #digitaljournal #samsungtips ,False,,happydownloads,HappyDownloads,,,,,,False
7133258649731878187,2022-08-18T12:46:47,18,US,,274800,722,1463,1600000,bumpy ride but we back #fyp,False,,frannyr,frannyr,,,,,,False
7147657905955753221,2022-09-26T08:03:20,11,ES,,274500,9200,3524,2200000,#safariaitana #fyp #foryoupage #parati #foryou #viral #kawaii #cute ,False,,safariaitana,Safari Aitana,,,,,,False
7183707529229208838,2023-01-01T10:34:12,11,BE,,274600,32800,1840,2600000,Find a cheap plane ticket and letâ€™s go!  #travel #onabudget #destinations #essentials #greece #vacation #tips #placestovisit #islands #bestplaces ,False,,travelmoment_,Elo â | Travel Planner,,,,,,False
7132963199728569643,2022-08-17T17:40:16,7,US,,274400,1068,3068,1600000,Yâ€™all would dance to the Rodney King beating if somebody put acoustic guitar over it but a song with 1.6 BILLION streams is where you draw the line? I hope somebody put a drill beat on the saddest Phoebe Bridger songğŸ’¯ğŸ’¯ğŸ’¯ #fyp #viral #itsjustasong #calmdown #wecantdancetoasongnow? #greenscreen,False,,ori_an,Orian,,,,,,False
7132919788728290606,2022-08-17T14:51:49,18,US,,273300,2135,2241,2100000,i know you wanna duet it @bronny @bryceheemjames #fyp ,False,,dayumshefine,AJ,,,,,,False
7147380279068347653,2022-09-25T14:05:55,15,ES,,272900,808,310,1300000,SÃ© que sin mi madre no mola tanto,False,,juaanperales,Juan?,,,,,,False
7161094569738734891,2022-11-01T13:04:43,20,US,,271000,9648,744,1900000,#duet with @prince.poopoo #vibecheck boys will always make it fun #boys #fyp ,False,,zaid.fouzi,Zaid Fouzi,,,,,,False
7163240003009596678,2022-11-07T06:49:47,13,DE,,265800,1523,581,2300000,I was so nervous #fyp #foryoupage #goviral #gymtok #foryou #gymcrush #fypã‚· #gym ,False,,salka_fit,Salka,,,,,,False
7149265028599041286,2022-09-30T15:59:46,13,CA,,264500,965,156,2800000,30 days of fall outfits - Day 1  Save for fall inspo ğŸ‚  Jacket & bag @zara  Sweater @American Eagle  Skirt  @peppermayo  Shoes @hm   #fyp #fashiontiktok #falloutfits #outfitideas ,False,,adellezaya,adelle,,,,,,False
7155997233031171333,2022-10-18T19:24:06,23,CA,,253000,196,1659,1700000,What are your thoughts? ğŸ¤” #fyp #rap #xxxtentacion ,False,,natecaller,NateCaller,,,,,,False
7198507962376277275,2023-02-10T07:47:28,59,TH,,252400,2315,807,1400000,2013 à¹€à¸›à¹‡à¸™à¸›à¸µà¹€à¸à¸´à¸”à¸‚à¸­à¸‡à¸à¸§à¸à¹€à¸„à¹‰à¸²à¹€à¸«à¸¥à¹ˆà¸²à¸™à¸µà¹‰ à¹€à¸£à¹‡à¸§à¸ˆà¸±à¸‡à¹€à¸¥à¸¢â€¦ ğŸ¤¨ #fyp #song #à¹€à¸à¸¥à¸‡à¸ªà¸²à¸à¸¥ #the1975 #arcticmonkeys #theneighbourhood #capitalcities #bringmethehorizon #surfcurse #avicii #bastille #daftpunk #vampireweekend ,False,,mindtan,à¹€à¸à¸¥à¸‡à¹„à¸£à¸”à¸µà¹à¸—à¸™,,,,,,False
7154015312554282245,2022-10-13T11:13:14,15,PL,,250900,1120,387,2300000,"To jest szczyt moich umiejÄ™tnoÅ›ci, serio, mieszkam z TikTokerkÄ…! ğŸ˜‚ğŸ˜ @KINGA BANAÅš â™¥ï¸ #fyp #newhouse #dc ",False,,fusialka,Kasia BoÅ¼ek,,,,,,True
7180041180418215211,2022-12-22T13:27:01,7,US,,250700,5225,1757,40800000,#slugtok #fypã‚·  #viralvideo ,False,,bcoqinu,$BCOQ,,,,,,False
7141399685964500229,2022-09-09T11:18:10,8,GB,,249800,15300,4289,1200000,Thanks in advanceğŸ³ï¸â€âš§ï¸ğŸ«¶#viral #trans #ljward,False,,lj.ward,It Do Be Leo ğŸ¤˜ğŸ¼,,,,,,False
7149920941491883270,2022-10-02T10:24:58,8,ES,,249400,12800,1286,2900000,Nos venimos a vivir todos aquiğŸ˜ #viajeconamigos #bali #foryou #fyp ,False,,alfonsomunoz_,Alfonso MuÃ±oz,,,,,,False
7144849447229590830,2022-09-18T18:25:09,12,US,,243000,1361,2806,1700000,sad pepe (via @ğŸ¶) #hutchbucketz #pepecult,False,,hutchbucketz,Hutch,,,,,,False
7146763546997706026,2022-09-23T22:12:51,20,US,,242900,1360,494,1700000,giving the people what they want ,False,,trapmoneypenny,penelope,,,,,,False
7142846000510668037,2022-09-13T08:50:38,10,IT,,242200,971,544,2100000,ğŸ§¡,False,,sheluvscapu,capuğŸ‡¨ğŸ‡º,,,,,,False
7174990522518441218,2022-12-08T22:47:49,15,AU,"horseriding, horse, horses videos, Horses Of TikTok, Cute Horses Videos, Horse Training, cute animals, tiny horse, horse walk, horse back riding",242500,356,237,2500000,We where in the middle of our target training session and she walked over to the mounting block and stood there I didnâ€™t get on ask Iâ€™m sore but instead rewarded her for asking || #cutehorse #stormthemare #stormandella #prettymare #smarthorse #targettraining #postivereinforcement ,False,,backupaccountstormsworld,backupaccountstormsworld,,,,,,False
7170081823941201157,2022-11-25T17:19:32,101,GB,,242100,2370,695,1600000,Really donâ€™t know how girls do thisğŸ˜‚. #fyp #hipthrust #gymtok #gymrats #viral #motivation ,False,,kodydoesfitness,Kody,,,,,,False
7284763406316457221,2023-09-30T19:22:39,39,GT,,241000,11400,2871,1600000,Saber vs Berserker âœ¨#fatestaynight #fate #fateseries #saber #saberalter #asmr ,False,,cryslerxd,Cryslerxd,,,,,,False
7137504481993821445,2022-08-29T23:22:51,6,BR,,240800,4796,1566,1100000,22:21,False,,22h....01mn,anamyn â¤ï¸â€ğŸ©¹,,,,,,False
7168150807865511173,2022-11-20T12:26:10,9,SK,,240400,1282,1122,3400000,RozlÃºÄka Mareka HamÅ¡Ã­ka s ğŸ‡¸ğŸ‡°âš½ï¸reprezentÃ¡ciou! #hamsik #slovenskisokoli #rozlucka ,False,,sfz_official,SlovenskÃ½ futbalovÃ½ zvÃ¤z,,,,,,False
7154824573752593669,2022-10-15T15:33:37,8,GB,,240400,1500,507,2200000,Everyoneâ€™s favourite tattoo style #fyp #foryou #tattoo #tattooart #tattooideas #tattooinspo ,False,,tattoodump,TattooDump,,,,,,False
7219467378575396139,2023-04-07T20:20:42,17,US,"the neighbourhood, sweater weather slow down, sweater weather slowed reverb, Sweater Weather, sweater weather slow version, sweater weather lyric, sweater weather slowed, sweater weather x after dark, Sweater Weather By The Neighbourhood, Sweater Weather Song by The Neighbourhood",238800,1945,3681,2600000,"Replying to @rayman.2.0 iconic song, but which version do you prefer?? ğŸ§ğŸ˜Œ #spedup #slowedandreverb #audio #sound #fyp #edit #aesthetic #llusionmusic #sweaterweather ",False,,llusionmusic,LLusion,,,,,,True
7138115173277093162,2022-08-31T14:52:33,15,US,,238700,1614,1425,1400000,,False,,xoxoashleybih,ashley :),,,,,,False
7161171670479195434,2022-11-01T18:03:42,31,US,,236800,3745,368,2000000,Beginner leg day for all my gym newbies ğŸ’• @dfyne.official ,False,,livvjordann,Liv Jordan,,,,,,False
7146289966471974149,2022-09-22T15:34:57,5,MX,,235000,4697,1138,1600000,Contxto en inst a #tiktoksbuchones ,False,,gashiolasrt,Gashiola,,,,,,False
7161622612806749446,2022-11-02T23:13:34,7,MX,,233300,3389,3105,1200000,Contxto en mi inst aa #parati #fy #fypã‚· #foryoupage #novios #love #facts #culiacan #tiktoksbuchones ,False,,gashiolasrt,Gashiola,,,,,,False
7141189483138911531,2022-09-08T21:42:26,11,US,,233100,2586,911,2200000,Simple hairstyle! #bubblebraid #volleyball #athlete #gamedayhair @laurenfiteee ,False,,katehairstyles,katehairstyles,,,,,,False
7152314492741864731,2022-10-08T21:13:17,23,ID,,231900,5190,705,3900000,a simple things ğŸ«¶ğŸ»,False,,cozywody,cozywodyâ˜†,,,,,,False
7140361818513476869,2022-09-06T16:10:42,18,MX,,231700,802,431,1300000,Me encanta este trend ğŸ’•(Ig:areli.merlos) #fyp #fypã‚· #parati #viral,False,,dareli.mer,Areli Merlos,,,,,,False
7214805005784681733,2023-03-26T06:48:19,16,GB,,231500,3608,585,2000000,We much prefer the after! #staircasemakeover #staircaserenovation #ukhomedecor #renovationseries #modernhome ,False,,louise_andallthingshome,Louise,,,,,,True
7147031119467269418,2022-09-24T15:31:08,15,US,,230700,465,427,2400000,Sheâ€™s now my new bestieğŸ«¶ğŸ¼ @Shannonâœ¨ğŸ’‹  #tallgirl #nyc #randomgirl ,False,,rachel_pizzolato,Rachel Pizzolato,,,,,,False
7183359482121014533,2022-12-31T12:03:36,25,GB,,230000,2692,1580,1100000,So happy with how it turned out! (Anyone got any tips on how to stop them rattling tho)  #wheelchairuser #rainbow #wheelchair #decoratewithme #gay #disabled #mobilityaids #rainbowheels #ğŸŒˆ #diy #diywithme #craftwithme #wheelife #wheelie ,False,,legtty,Letty ğŸ¤™,,,,,,False
7183008168509852933,2022-12-30T13:20:19,14,BR,,229400,5655,579,6000000,ğŸ˜‰ğŸ˜‰,False,,gio_toffoli,gio_toffoli,,,,,,False
7151572798580821253,2022-10-06T21:15:07,6,MX,,227900,12600,3917,1300000,Contexto en inst a #tiktoksbuchones ,False,,gashiolasrt,Gashiola,,,,,,False
7150375634026466602,2022-10-03T15:49:38,10,US,,227900,2081,824,1500000,Is a relationship worth it??ğŸ˜… #basketball #athlete ,False,,dame.universe,Damon Brown,,,,,,False
7150801638985338158,2022-10-04T19:22:34,14,US,,227900,232,279,1700000,Messing around the mall @nickbencivengo ,False,,mckenzibrooke,McKenzi Brooke,,,,,,True
7268521592098016554,2023-08-18T00:56:25,13,US,,227700,16700,2409,1200000,wait im here for this laurel #teamconrad #bellyconklin #tsitp #primevideo #taylorswift #thesummeriturnedpretty #belly #laurel ,False,,tsitp.teamconradd,conrad ğŸ«¶ğŸ«¶,,,,,,False
7166021936546319621,2022-11-14T18:45:06,7,MX,,227300,7082,750,1600000,Te explico pq en mi inst a #tiktoksbuchones #money ,False,,gashiolasrt,Gashiola,,,,,,False
7163721631876058374,2022-11-08T13:58:44,31,ES,,227100,1366,522,3400000,Respuesta a @kritzia36 eyeliner lÃ¡grimal #tipsdemaquillaje #makeuptips #eyeliner ,False,,gsusserranomua,ğ‘®ğ’”ğ’–ğ’” ğ‘ºğ’†ğ’“ğ’“ğ’‚ğ’ğ’,,,,,,False
7134545921425100078,2022-08-22T00:02:02,15,US,,227000,2201,2809,1300000,definitely first tryğŸ˜                  #MakeNightsEpic #fyp  #SplashSummerVibe #MakeASplash #AmazonVirtualTryOn #GameTok #trend #viral #nc #blowthisup #foryoupage #greenscreenvideo #lifeguard #lifeguards #brunette #night #fitness ,False,,they1ovejackson,jackson bryan,,,,,,False
7156259908902489349,2022-10-19T12:23:25,51,BO,,226900,3734,1325,2300000,#anime#edit#classroomoftheelite#ayanokouji#ayanokoujikiyotaka#sato#brokenheart#corazonroto#sad#fy#viral#sadmoment#ğŸ’”#fypã‚· ,False,,mar.dbz,Marco Condori,,,,,,False
7139975590886575365,2022-09-05T15:11:58,11,CH,,224500,5765,12100,2400000,I love number 4 #tiggsysmart ,False,,tiggsysmart,Tiggsy Smart,,,,,,False
7157069619306548485,2022-10-21T16:45:32,23,BR,,217100,5032,1123,1200000,"Ele emocionado depois do gol do rodinei, como Ã© bom te amar Gabriel!!!!! â¤ğŸ¥º  #final #corinthians #flamengo #gabigol #gabriel #gabigolflamengo #copadobrasilnotiktok #campeÃ£o #rodinei ",False,,manucrrf,crf.,,,,,,False
7114931253849165099,2022-06-30T03:27:08,9,US,,216800,2413,1896,2900000,#f15 #foru #f35 #foryou #fighterjet #fyp,False,,alpha_aerospace,Alpha_Aerospace,,,,,,False
7146261055512104197,2022-09-22T13:42:46,15,ES,,216600,694,317,1600000,"os dejo un fail por aquÃ­, *fakebody:)",False,,julenhh,julen,,,,,,False
7145768305108798726,2022-09-21T05:50:42,11,UA,,214700,4077,1809,1500000,Ğ¥Ğ¾Ñ€Ğ¾ÑˆĞ¸Ğ¹ Ñ‚Ñ€ĞµĞ½Ğ´ #Ğ²Ğ°Ğ½Ğ³Ğ¾Ñƒ,False,,onego_uwu,OneGo,,,,,,False
7164375157539278126,2022-11-10T08:14:52,91,US,"all i am is the man, Singing To Strangers, singing in valorant, sing in val, Singing, people singing, VALORANT, sweater weather singing, Valorant Game, Sweater Weather",207200,1711,1707,1700000,More singing in val! This song was too good not to do. DISC SERVER IN BIO #fyp #valorant #valorantclips #valorantgaming #val #singing #xyzbca #gamingontiktok #sweaterweather #theneighbourhood #foryou #sing ,False,,jadenvanexel,Jaden van Exel,,,,,,False
7146195379753684230,2022-09-22T09:27:57,18,CO,,206200,560,864,873100,#sweaterweather #theneighbourhood,False,,dannacamacho73,:#,,,,,,False
7142548669559049514,2022-09-12T13:36:51,12,US,,206000,1282,1065,854000,"1 love, 2 mouths",False,,quinnickleshow,QuinnickleShow,,,,,,False
7143607763644517637,2022-09-15T10:06:38,15,CO,,205400,2375,684,1500000,Faltaba uno con lilo ğŸ’› #fyp #parati #crzgf ,False,,juanitamaaartinez,Juanita :),,,,,,False
7174459327405772038,2022-12-07T12:26:28,18,GB,,205400,1903,332,1700000,The MAGIC milestone to reach true happiness #smma #ecom #ecommerce #money #entrepreneur #matrix #arturoduarte #freedom #financialfreedom #motivation #mindset ,False,,itssarturoduarte,Arturo Duarte,,,,,,False
7139451976202358018,2022-09-04T05:20:07,15,AU,himynameisalliyah,192800,1669,528,1300000,,False,,himynameisalliyah,alli,,,,,,False
7142444619505208578,2022-09-12T06:53:12,13,AU,"pilates workout at home, pilates workouts, Workout At Home, Exercise At Home, At Home Pilates, pilates, Exercise Workout, Pilates Exercise, Exercise Workout At Home, Workout From Home",192600,2028,162,2700000,at home booty pilates workout #pilates #workout #morning #athomeworkout #lowerbody #routine,False,,charlotteflynnn,Charlotte,,,,,,False
7156282441156627717,2022-10-19T13:50:53,10,FR,,191900,1312,275,7200000,"Nos Ã©lÃ¨ves perfectionnent leur technique de brushing, toujours sous les conseils de nos professeursğŸ˜Œ #fyp #foryoupage #hair #hairdresser #formation #ecoledecoiffure  ",False,,formations.attoyan,formations.attoyan,,,,,,False
7174531788159618309,2022-12-07T17:07:38,18,BR,,191600,688,509,754700,e o uber esperandoâ€¦ kkkkkkkkk,False,,enzokrieger,Enzo Krieger,,,,,,False
7164764238865616134,2022-11-11T09:24:34,7,MX,,190500,333,702,2000000,Contexto en mi inst a banda #tiktoksbuchones ,False,,gashiolasrt,Gashiola,,,,,,False
7193809049060642053,2023-01-28T15:53:14,24,RO,,190500,9783,1407,1000000,making this gave me chills #harrypotter #harrypottertiktok #harrypotteredit #hogwartshouses #slytherin #slytherinedit #aesthetic #hogwarts #edit #hogwartsedit #ravenclawaesthetic #green #snake #sweaterweather #theneighbourhood #hp #dracotok #dracomalfoy #tomriddle #slytherinaesthetic #viral #parati #fyp #foryou #foryoupage ,False,,x.wizy,ale ÏŸ,,,,,,False
7149200275394383109,2022-09-30T11:48:28,15,ES,,190100,5487,7097,1800000,ğŸ•ºğŸ½ğŸ‘¶ğŸ»Siempre gana en los partidos de A contra B #fyp #viral #parati  ,False,,raimonnnfm,rayğŸ§ƒ,,,,,,False
7174474391567240490,2022-12-07T13:25:01,8,US,,189600,2573,1921,1200000,#stitch with @saucey.swole  Fuck it we ball. See you in Spring,False,,biggirish,Kieran Reilly,,,,,,False
7173472292306029867,2022-12-04T20:36:24,9,US,,188500,1797,273,2600000,Check out these moves if you need to score on someone faster than you #hwpo #basketballtraining #basketball #basketballchallenge #basketballğŸ€ #basketballtiktok ,False,,bromanacademy,Broman Academy,,,,,,False
7144772696683973893,2022-09-18T13:27:10,14,DE,,188200,1150,1397,934600,Had to try it,False,,nilskue,Nils Kuesel,,,,,,True
7209392824247258414,2023-03-11T15:46:24,16,US,"hair styles 2023, mariaaiellohair, Hairstyles, Braids, Braid Hairstyles, Braid Tutorial, Hairstyles With Braids, Braiding Tutorials, Braiding Hair, Braid Hacks",187800,6636,276,3600000,#braidstutorial #braidhack #braidstyles #hairtrends2023 #hairtrends #springhairstyle #cutehairstyles #easyhairstyles #braidhacks #fypã‚· ,False,,mariaaiellohair,mariaaiellohair,,,,,,False
7150272101621058821,2022-10-03T09:07:42,13,GB,,187800,94,911,1400000,Replying to @ehh face rev too but bro is grilled now lmao #foryou #scrubdaddy #scrubmommy #burnt #viral #fyp #tragedy #suffering #clout ,False,,plscanihaveascrubmommy,mei !,,,,,,False
7160080294119296262,2022-10-29T19:28:30,7,MX,,187400,7050,10800,1600000,Contxto inst a #tiktoksbuchones i g: gashiola,False,,gashiolasrt,Gashiola,,,,,,False
7145098836606717189,2022-09-19T10:32:45,18,IT,,187200,737,681,1400000,@parzialeerebeccaa ğŸ«¶,False,,luigi.salemi,Luigi Salemi,,,,,,False
7198313972398034182,2023-02-09T19:14:43,11,MX,,187100,1875,398,863400,Un gran cambio #fyp ,False,,diego_mog,Diego Moguel,,,,,,False
7145267110254644526,2022-09-19T21:25:53,12,US,,186900,270,197,1800000,Almost got in a cart accident ,False,,caleb.green,Caleb Green,,,,,,True
7139640366843563310,2022-09-04T17:31:04,15,US,,186200,319,565,943700,Lol sorry for all the tuk toks.,False,,cf1low,ch@rley fl0yd,,,,,,False
7145286465528876331,2022-09-19T22:41:01,9,US,,185800,450,322,1100000,#halloween ,False,,obliz.store,Obliz,,,,,,False
7191111995104513323,2023-01-21T09:27:42,27,US,"Curly Hair, Natural Hair, Silk Press Hair, Silk Press Natural Hair, Curling Natural Hair, Long Hair, Silk Press Curls, Curly Long Hair, silk press long hair, Long Natural Hair",184700,2464,804,1600000,If you know you know ğŸ˜‚ #fy #fyp #blacktiktok #GenshinImpact34 #FastTwitchContest #hairtok #naturalhair #natural #natural #longhair #curlyhair #hairgrowth #curlscheck #washdayroutine #silkpress #curls ,False,,alycearae,Alycea Rae,,,,,,False
7151797189100997894,2022-10-07T11:45:48,17,CO,,184400,7958,461,1400000,#sweaterweather #lyricsedit #lyrics #aesthetic #onelove #eeuu ,False,,vkalan__,alan,,,,,,False
7172157600652414213,2022-12-01T07:34:36,6,IT,,183600,5561,4933,3100000,#omegabox #brawlstars #brawl ,False,,nuljas,Anas,,,,,,False
7145164327434063109,2022-09-19T14:46:54,15,ES,,183200,871,1013,1900000,iâ€™m still friends with the girl i pushed @konister ,False,,benjikrol,Benji Krol,,,,,,True
7151822079560617222,2022-10-07T13:22:23,56,IT,,183200,869,1005,1400000,Risposta a @sarakeshk34 #neiborhood #sweaterweather #stemplayer ,False,,wizgam,Ale,,,,,,False
7144724962836860202,2022-09-18T10:22:17,16,US,,180800,1019,864,1600000,guess whoâ€™s going back on @royalcaribbean in a day ğŸ˜ğŸ˜±,False,,monroecapri,monroe capri,,,,,,True
7173297568162663685,2022-12-04T09:18:15,10,BR,,180800,578,653,1700000,@mateuspassarin meu Glam ğŸ¤ #fyp #metalfamily #fitgirl #fyp #vaiprofycaramba #fy #fitness #foryou #couplegoals #couple ,False,,isabellasenareal,Isabella Sena,,,,,,False
7155216162899463430,2022-10-16T16:53:10,20,BR,,179700,1383,1813,1500000,Grateful for a sunny day â˜€ï¸ taking coffee as pre workout #vlog #adayinmylife #routine #motivation ,False,,rafaelgueto,guetorafael,,,,,,False
7179630555271564549,2022-12-21T10:53:28,10,NL,,179200,9020,443,5100000,BelvedÃ¨re vodka bottle art! #belvedere #viral #voorjou #art #bottleart ,False,,art_labouteille,La Bouteille,,,,,,False
7140956546393066758,2022-09-08T06:38:37,15,IT,,178400,896,1192,1300000,Tu come avresti reagito? ğŸ˜… #aurorablasi ,False,,aurorablasii,be_aurora_,,,,,,False
7145974746897829126,2022-09-21T19:11:47,15,US,,178200,270,512,1600000,@emily.dobson #fyp #viral #dance #explore #emilydobson #catherinemcdonough ,False,,catherinemcdonough1,catherine,,,,,,False
7173280614370659589,2022-12-04T08:12:28,28,GB,,178200,3560,904,2000000,this is ur sign to start that side hussleğŸ’¸ğŸ’°ğŸ’µ #lashextensions #beginnerlashtech #lashbusiness #lashextensions #sidebusinesses ,False,,byloiselena_,By Lois ElenağŸ‘¸ğŸ½âœ¨,,,,,,False
7163750243169865006,2022-11-08T15:49:53,5,US,"Car Stickers, cars, Cars TikTok, Stickers For Car, Cars Videos, Stickers For Car Interior, Cats And Cars, cat funny, Car Wheel Lights Sticker, Car Door Trim Sticker",178000,7507,829,4300000,#carsoftiktok #catslovers #funnymoments #hellya #drivinglessons ,False,,ashbash0921,AshliwhitğŸŒ™,,,,,,False
7278155368985873669,2023-09-13T00:00:05,15,CL,,177700,3390,794,983400,@ğ–¤  â¤ï¸â€ğŸ©¹#fypã‚·ã‚šviral #parati,False,,panconpaltaykpsa,Âª-Âª-Âª,,,,,,False
7139542419158076677,2022-09-04T11:11:02,15,NL,,177400,3353,803,2500000,"one love, one house ğŸ’— inst: thextusha ",False,,xtyusha,Ğ¢ÑÑ…Ğ° | Tyusha Â®,,,,,,False
7166392863650221358,2022-11-15T18:44:36,18,US,,177300,1472,560,1900000,Thats crazy a M in a month off streaming ğŸ˜³ #ddg #ddgpontiacmade #ddgfamily #adinross #adinrossfunny #adinrossmoments ,False,,ddgplugtok,DDG TOK,,,,,,False
7148085967340031237,2022-09-27T11:44:22,15,IT,,177200,466,301,1900000,Guardate chi câ€™Ã¨ qua ğŸ˜,False,,mura0201,MuraA,,,,,,False
7173673565961669893,2022-12-05T09:37:19,10,CA,,176500,2948,180,4200000,Sweater nails ğŸ¤ #nailart #nailtutorial #sweaternails #sweaternail #sweaternailart #sweaternaildesign #winternails #glitternails #nudenails #almondnails #holidaynails #christmasnails #sparklenails #trendynails #oddlysatisfying #nailsmontreal #montreal #nailsoftiktok ,False,,andrea.macou,Andrea Macou,,,,,,False
7217197861346348294,2023-04-01T17:33:48,11,IT,,176400,4294,738,786000,my favourite singer ğŸ«¶ğŸ»ğŸ’™ #lxhacker_ #vinniehacker #vincenthacker #vinnie #vintok #edit #fypã‚· #foryou #perte #andiamoneiperte #noflopplease #noflop ,False,,lxhacker_,vinnie ğŸ«¶ğŸ»ğŸ’™,,,,,,False
7138844270622149934,2022-09-02T14:01:50,14,US,,176200,464,612,1400000,yuhh #fyp #viral #foryoupage ,False,,bbraydenwhaleyy,braydenwhaley,,,,,,False
7151513955561688326,2022-10-06T17:26:44,7,DE,,176100,2268,1044,1500000,,False,,mr.benz,Mr. Benz,,,,,,True
7144054828426120454,2022-09-16T15:01:29,24,DE,,173300,1341,810,991900,No way it exists in real life ğŸ˜³ #movielocations #usa #viral #fyp #cars #googlemapsfinder #0708 ,False,,gmapsfinder,Place Tracker ğŸ—º,,,,,,False
7182959114450996526,2022-12-30T10:10:24,10,US,,173300,20200,106,1800000,#duet with @art_labouteille #belvedere ,False,,thepartyproject.dc,The Party Project DC,,,,,,False
7188622593132416261,2023-01-14T16:27:10,114,GB,,172800,20000,7318,840400,Because i get this all the time ğŸ˜­ğŸ˜­ğŸ˜­ #fyp #foryou #CapCut #alexa #voiceover #voice #speaking #voiceoverchallenge #amazon #siri ,False,,theevoiceofjoy,Joy,,,,,,False
7187200823745662250,2023-01-10T20:30:08,21,US,,172500,764,292,1400000,Replying to @_lawa_kurd_ Let me know what to draw next in the comments down below #simpledrawings #artistsoftiktok #fypã‚· #art ,False,,inthehandsoflando,inthehandsoflando,,,,,,False
7142829903245856046,2022-09-13T07:48:18,24,US,,171700,1233,1342,2400000,#legogame #legogames #lmsh #legomarvel #legomarvelsuperheroes,False,,legogamesaccount,floatyboat,,,,,,False
7152211537539665158,2022-10-08T14:33:39,11,PL,,168300,3411,399,2600000,#fyp #popular #on ,False,,_nasta.sia7,_nasta.sia7,,,,,,False
7146995708569062661,2022-09-24T13:13:34,15,IT,,168300,1490,1859,1600000,100% Waterproof e Riutilizzabile!ğŸŒ²,False,,endlessita,Endlessâ™¾,,,,,,False
7173355017167064362,2022-12-04T13:01:25,5,US,,167600,41700,1371,1600000,They are rare but I found mine! #husbandwife #relatable #fyp #couples #men #women #anxiety #luckyme ,False,,hadleyfam1210,Hadley Fam,,,,,,False
7191352050565909766,2023-01-22T00:59:03,40,US,,163800,2954,615,4100000,Minecraft Hot TubğŸ¥¶ #fyp #minecraftbuilding #minecraftmemes #minecrafttiktok #viral ,False,,hellfrozzen,HellFrozen,,,,,,False
7188619676128251141,2023-01-14T16:15:51,24,GB,,163700,197,169,3000000,Fireplace part 2?? #renovation #oldhouse #discovery #hiddengems #originalfeatures #fireplaceproject #victorianhouse #diy #transformation #findingthings #history #victorianhome ,False,,sweethomeketteringa,Sweethomeketteringa,,,,,,False
7174022403587083562,2022-12-06T08:11:39,11,US,,163500,366,836,2400000,PTSD at its worst. â€œI have a headacheâ€ #headache #brainonfire #pandas #ptsd #pandaswarrior #pandasmom #pandasawareness #letsdothis #hugmomma #notalone #headache #headacherelief #insidelife ,False,,simplyobsessed_momlife,SimplyObsessed MomLife,,,,,,False
7139570953570225414,2022-09-04T13:01:44,15,KZ,,163200,1863,518,1400000,Ğ¿Ğ¾Ğ²ĞµÑĞµĞ»Ğ¸Ğ»Ğ¸ Ğ»ÑĞ´ĞµĞ¹ Ğ² Ñ†ĞµĞ½Ñ‚Ñ€Ğµ,False,,pavlinushka_,pavlinushka_,,,,,,False
7303630418547346693,2023-11-20T14:36:15,60,BR,,163000,1661,549,1400000,Sweater Weather | #theneighbourhood #sweaterweather ,False,,song.felpys,felpyswz,,,,,,False
7179578537337228549,2022-12-21T07:31:37,112,IT,,162800,987,846,1600000,Fishy #roblox #micup #troll #fish #hangout #meme #robloxgame ,False,,shzdmnn,â˜…$hzdmn â˜…,,,,,,False
7153370499249114374,2022-10-11T17:31:04,15,MX,,159900,1252,2410,1300000,Califiquen el flow de a mi amigo!âœ¨ Del 1 al 10!ğŸ˜Œ #parati #fyp ,False,,susymourizz,Susy MourizğŸŒ·,,,,,,True
7189417163285974318,2023-01-16T19:50:34,10,US,,159800,15000,988,4300000,#@kevin_alvarez31 @inthegame4#realorgame?ğŸ¤¯#just_another_car_guy #just_drift_it_ #trending #fypã‚· #professionaldrifting #carsdrift #parati #viral #formuladrift #foryoupage  #driftparadise # #trending ,False,,just_drift_it_,Just_drift_it_,,,,,,False
7147634327637986565,2022-09-26T06:31:48,12,ES,,159700,426,359,1100000,#fakebodyâš ï¸âš ï¸âš ï¸âŒâŒâš ï¸ #gym en vd son etapas pero weno tengo salud,False,,444clodi,Xâ€™0,,,,,,False
7153278834362699014,2022-10-11T11:35:22,29,DE,,159600,723,0,2000000,WÃ¼rdet ihr Tobi als Outfitberatung einstellen?ğŸ˜‚ğŸ«¶ğŸ¥° IG: bauer_teresa,False,,bauer_teresa,TeresağŸ€,,,,,,False
7177781496881630470,2022-12-16T11:18:08,13,IE,"Acrylic Nails, proximal nail fold, cutting cuticles gone wrong, nails, cuticle, How To Cut Cuticles, Nail Videos, nail tech, cutting cuticle nail, Manicure",158900,3420,748,2700000,#cuticle #nail #nailsart #nailtok #nailtechcheck #cuticles #manicure #cuticleremoval ,False,,natalia_pascal1,Natalia Pascal,,,,,,False
7276137684924468513,2023-09-07T13:30:26,14,FR,,158100,6630,1358,1200000,Faite attention a vous ğŸ¥Š - - - - #boxe #boxing #kickboxing #muaythai #boxingğŸ¥Š #kick #thai ,False,,ayz_nhf,AntğŸ‡«ğŸ‡·,,,,,,False
7281716213955218720,2023-09-22T14:18:03,45,ES,,158000,496,67,851200,"un aÃ±o despues, me encantanğŸ¥¹#xybzca #fyp #foryoupage #parati #crgfz #charlidamelio ",False,,meliogallagher2_,#á´€Ê€á´á´€ã‚·,,,,,,False
7143281986470235397,2022-09-14T13:02:28,11,ES,,156400,690,250,1300000,â¤ï¸â€ğŸ©¹,False,,juanpere_,Juan PÃ©rez âš¡ï¸,,,,,,False
7198945033502854405,2023-02-11T12:03:29,30,IE,,155600,2100,259,854800,Imagine thisğŸ˜±ğŸ“ˆ #foryou #dropshipping #motivation #ecommerce ,False,,hktalkz,Uk Ecom Kid ğŸ°,,,,,,False
7318711594593160466,2023-12-31T05:59:01,12,AU,"chaeyoung edit, chaeyoung, TWICE, Park Chaeyoung, Kpop Idols, k pop, twice_tiktok_official, chaeryeong twice, Chaeyoung Performing, Twice Edits",155200,3367,1027,682400,#CHAEYOUNG she knows what I think about (its only her btw) || ã€#twice #fyp #kpopã€ ,False,,tozakisaana,ChaeğŸ°,,,,,,False
7149608858380438826,2022-10-01T14:14:02,13,US,,155100,1142,717,732600,been shadow banned:( #fyp  #foryou #EndlessJourney ,False,,_maddawgie,madison,,,,,,False
7189634509430672645,2023-01-17T09:53:56,28,BY,,152200,4582,478,2000000,Instagram: softest_dreams #Ğ¿Ğ¾Ğ¿ÑƒĞ»ÑÑ€Ğ½Ğ¾Ğµ #Ñ€ĞµĞº #Ñ€ĞµĞºĞ¾Ğ¼ĞµĞ½Ğ´Ğ°Ñ†Ğ¸Ğ¸ #Ñ€ĞµĞºĞ¸ #Ğ±Ğ¾Ñ€Ñ‚Ğ¸ĞºĞ¸Ğ²ĞºÑ€Ğ¾Ğ²Ğ°Ñ‚ĞºÑƒĞ¼Ğ¸Ğ½ÑĞº #Ğ±Ğ¾Ñ€Ñ‚Ğ¸ĞºĞ¸Ğ²ĞºÑ€Ğ¾Ğ²Ğ°Ñ‚ĞºÑƒ #ĞºĞ¾Ğ½Ğ²ĞµÑ€Ñ‚Ğ½Ğ°Ğ²Ñ‹Ğ¿Ğ¸ÑĞºÑƒ #Ğ±Ğ°Ğ»Ğ´Ğ°Ñ…Ğ¸Ğ½ #Ğ±ĞµĞ»Ğ°Ñ€ÑƒÑÑŒ #Ğ±Ğ¾Ñ€Ñ‚Ğ¸ĞºĞºĞ¾ÑĞ° #Ğ±Ğ¾Ñ€Ñ‚Ğ¸ĞºĞ¸Ğ±ĞµĞ»Ğ°Ñ€ÑƒÑÑŒ #babyshower #capony #bamper #popular #pragrance #Ğ±Ğ¾Ñ€Ñ‚Ğ¸ĞºĞ¸Ğ¼Ğ¾ÑĞºĞ²Ğ° ,False,,softest_dreams,Julia,,,,,,False
7157283388095843590,2022-10-22T06:35:03,14,GB,,151900,304,348,5200000,@Stopmotion  and animation  #tutorial #stopmotiontutorial #libbysanimations ,False,,libbymulliganofficial,Stopmotion  and animation,,,,,,False
7141020680308411653,2022-09-08T10:47:25,15,IT,,151500,2602,1335,1000000,avete mai visto unâ€™ğŸŠ ed un ğŸ‹ ballare? @nani #fyp #amici #love ,False,,silvycop,silvycop,,,,,,False
7225223485025570075,2023-04-23T08:37:21,9,GB,,151200,54400,9016,1600000,Nobody can fix me. #broken #sad #sadboy #emo #damaged ,False,,notconor18new,NotConor18New,,,,,,False
7146175182867320110,2022-09-22T08:10:13,5,US,,148100,341,883,2200000,#xyzbca #foryou ,False,,itzpods,itzpods,,,,,,False
7144739133838150913,2022-09-18T11:17:04,5,AU,,147800,2229,5140,1400000,yes its a big deal #fyp #foryou #foru #foryoupage #melb #syd ,False,,judebellinghamlomll,ğŸ«¶ğŸ¼,,,,,,False
7132631970126843182,2022-08-16T20:14:54,9,US,,147400,683,2558,795700,I might hop onnis if im feelin starchy ion knowwww ğŸ˜©#blacktiktok #fyp #soulaan #aa #africanamerican #hbcu ,False,,xaliyahclxy,AaliyahhhhhğŸ«¶ğŸ¾,,,,,,False
7195761933344148782,2023-02-02T22:11:38,7,US,,147400,1125,930,2500000,#CapCut #CapCut #DoritosTriangleTryout #painhubpremium #foryourpage ğŸ˜—ğŸ˜ŠğŸ˜™ğŸ˜‡ğŸ˜™ğŸ¥°ğŸ¤ªğŸ¥°ğŸ¤ªğŸ˜‡ğŸ˜™ğŸ˜‡ğŸ˜šğŸ˜‡ğŸ˜šğŸ¥°,False,,pain.lll047,user533307430978,,,,,,False
7188583887990263045,2023-01-14T13:56:58,78,HU,,147300,20500,1199,2100000,"Mindezt a Designdock csapata Ã¡lmodta Ã©s valÃ³sÃ­totta meg, csekkold Å‘ket kommentben. ğŸ˜ #home #house #rubeningatlan #ingatlan #renovate #design #renovation #felujitas #epitkezes #otthon ",False,,ruben_ingatlan,SzentgyÃ¶rgyvÃ¶lgyi Ruben,,,,,,False
7226459256793451802,2023-04-26T16:32:47,48,GB,,147100,932,168,1300000,How to build muscle as an athlete ğŸ”¥ #gymtips #athlete #fitnesstips #buildmuscle #bulking #gymshark @Gymshark @myprotein ,False,,tombeckles,Tom Beckles | Online Coach,,,,,,False
7150362936287022378,2022-10-03T15:00:26,9,US,,146500,1122,1724,2400000,Pasta & if you could ask me anything what would it be? #andGO #pasta #pastamukbang #spaghetti #spaghettimukbang #alfredo #chickenalfredo ,False,,madisonelise,Madison Elise,,,,,,False
7144452218903678250,2022-09-17T16:43:38,15,US,,146500,457,1516,912000,my hair is beyond fluffy at this point ğŸ˜­,False,,bryceparker,bryceparker,,,,,,False
7143916636565769478,2022-09-16T06:05:16,55,IT,,146400,5057,507,881600,,False,,elisacamporesi,Elisa Camporesi,,,,,,False
7297812009897315590,2023-11-04T23:17:51,40,MX,"remo en smith, arnold splits, ppl x arnold, pec fly, Gym Exercises, Gym Workout Routines, Back And Shoulders Workout, Back And Arms Workout, remo, Upper Body Workout Routine",146400,1899,471,1300000,Rutina de pecho y espalda (actualizada) #fyp #gymtok #gymrat #gymmotivation #arnoldsplit ,False,,marcomdzo,marco,,,,,,False
7169639067750059306,2022-11-24T12:41:31,8,US,,146300,2895,2983,859500,Happy Thanksgiving! Im sorry grandma! #grandma #fail #getup #countrytough #thanksandgiving ,False,,tuffcountrygrandma22,Country grandmaâ¤ï¸,,,,,,False
7144237291236494598,2022-09-17T02:49:37,9,MX,,145900,613,335,952400,#squattsgymsf ,False,,ludcastt,Gael,,,,,,False
7166236870412717318,2022-11-15T08:39:08,21,DE,,145900,523,776,875700,It fits just like him. #foryou #fyp #tiktok ,False,,linus_gahn,Linus Gahn,,,,,,False
7138927801628970283,2022-09-02T19:25:57,15,US,,145900,2599,989,2600000,Yay footballğŸ¥µğŸ¥µ #fyp #dance #cheer #sweaterweather,False,,lilliejryan,lillian,,,,,,False
7202623661965184262,2023-02-21T09:58:27,22,GB,,145500,3265,3710,796400,the neighbourhood fans know... #lovejoy #mothermother #theneighbourhood #maneskin #rock ,False,,myriadband,Myriad,,,,,,False
7211698655416339754,2023-03-17T21:54:06,25,US,,145200,3613,584,1500000,It was a scavanger hunt looking for the rest of them ğŸ¤£ #thrifting #vintageclothes #vintagesweaters #thrifthaul #vintagehaul #90sthrowback ,False,,vintagezac,VintageZac,,,,,,False
7197060187126058282,2023-02-06T10:09:51,29,US,,145000,3357,1678,964500,I canâ€™t protect my future wife from all the bad things in this world if Iâ€™m weak. #sad #heartbreak #pain #gym #gymtok #gymmotivation  #workout #lift #lifting #fitness #fit #fittok #fitnessmotivation #viral #trending #blowup #trend #foryou #foryoupage #fypage #fyppp #4u #xyzabc #fyp ,False,,just.callmebrit,just.callmebrit,,,,,,False
7150480690042178822,2022-10-03T22:37:17,7,MX,,139900,284,202,934300,Tutorial en inst aaa banda #tiktoksbuchones ,False,,gashiolasrt,Gashiola,,,,,,False
7172600042023374086,2022-12-02T12:11:28,29,DE,,134500,4797,2482,1300000,#stitch mit @Dave #wm #viral ,False,,farismontari,Faris _03er,,,,,,False
7157677040399944966,2022-10-23T08:02:42,35,GB,,134100,2307,1897,935500,Cutest friendship ğŸ¥º #naruto #narutoshippuden #hinatahyuga #kibainuzuka #foryoupage #hinata #kiba #kibaandhinata #bestfriends #fy #viral #sweaterweather #friendship #hinataedit ,False,,netflixmultifan,ğŸ“,,,,,,False
7151747710255664389,2022-10-07T08:33:53,29,IT,,133800,503,1086,1700000,#funny #illusionist #magia #challenge @Alex Cosplay daaaaii tocca a te! ,False,,lokytrue,Dalila,,,,,,False
7149872182905113862,2022-10-02T07:15:50,29,DE,,131600,352,726,1200000,Replying to @Jordie yâ€™all give me so much Energy! â˜ºï¸ğŸ«‚ğŸ«¶,False,,gioonyourscreen,gioonyourscreen,,,,,,False
7141118032356707626,2022-09-08T17:05:11,19,US,,131400,327,1324,986700,"idc what anyone says, we hit that ğŸ¥± ",False,,skyyjade,Sky ğŸ’”,,,,,,False
7157100217555291397,2022-10-21T18:44:15,177,BR,,125000,727,727,985300,voltamos a programaÃ§Ã£o normal ğŸ¤£ #fyp #vaiprofycaramba #dirigindomeucarro #viral #viraliza #DidYouYawn ,False,,amandaraquelx,ÈºÊÄ…Õ²ÕªÄ… à½ Ä…Õ¦Õ´Ò½Ó€,,,,,,False
7267548372767149313,2023-08-15T09:59:29,36,UZ,,125100,5380,366,1100000,"Ğ²ÑĞµ Ğ¿ĞµÑĞ½Ğ¸, Ğ²Ñ‹ Ğ½Ğ°Ğ¹Ğ´ĞµÑ‚Ğµ Ğ² Ğ¼Ğ¾ĞµĞ¼ Ñ‚Ğ³ ĞºĞ°Ğ½Ğ°Ğ»Ğµ, ÑÑÑ‹Ğ»ĞºĞ° Ğ² ÑˆĞ°Ğ¿ĞºĞµ Ğ¿Ñ€Ğ¾Ñ„Ğ¸Ğ»Ñ, ĞµÑĞ»Ğ¸ ÑÑÑ‹Ğ»ĞºĞ° Ğ½Ğµ Ñ€Ğ°Ğ±Ğ¾Ñ‚Ğ°ĞµÑ‚ Ğ½Ğ°Ğ¿Ğ¸ÑˆĞ¸Ñ‚Ğµ Ğ¼Ğ½Ğµ Ğ² Ñ‚Ğ¸ĞºÑ‚Ğ¾ĞºĞµ, Ğ¿Ğ¾ÑÑ‚Ğ°Ñ€Ğ°ÑÑÑŒ Ğ¾Ñ‚Ğ²ĞµÑ‚Ğ¸Ñ‚ÑŒ Ğ²ÑĞµĞ¼.#gellymeh #Ğ²Ñ€ĞµĞº #sweaterweather #xxxtentacion #focus #love #recommendations #Ğ³Ñ€ÑƒÑÑ‚ÑŒ #fyp ",False,,gellymeh_,ĞœĞ°Ğ»ĞµĞ½ÑŒĞºĞ¸Ğ¹ Ğ”Ğ¶Ğ¸Ğ»Ğ»Ğ¸,,,,,,False
7237522375879707909,2023-05-26T12:03:16,6,KZ,,124900,489,1315,3100000,#Ñ†Ğ²ĞµÑ‚Ğ° #ÑÑ„Ñ„ĞµĞºÑ‚ ,False,,missarami,Missa Rami,,,,,,False
7171864832050842886,2022-11-30T12:38:30,6,PT,,124700,1666,404,1400000,"69% w my ex, okay thanks ğŸ¤¦ğŸ½â€â™€ï¸ sem # este",False,,goddesssnay,Naiana â˜†,,,,,,False
7136296224075894022,2022-08-26T17:14:09,15,US,,124600,222,130,667600,en clase de mi mami ğŸ¤™ğŸ»#lentajas #usağŸ‡ºğŸ‡¸ #parati #foryoupage #foryou #fypã‚· ,False,,mariiolaa.torro,mariolaa ;)),,,,,,False
7136330584955145514,2022-08-26T19:27:26,19,US,,124500,521,1013,734000,Yay gold out!,False,,katie.gratz,katie,,,,,,False
7147329436889713966,2022-09-25T10:48:51,15,US,,124400,148,174,784700,,False,,piperfanpage_lover,Piperfanpage_lover,,,,,,False
7144982419056184581,2022-09-19T03:01:19,30,KZ,,124400,58,381,1600000,"ĞÑ‚Ğ²ĞµÑ‚ Ğ¿Ğ¾Ğ»ÑŒĞ·Ğ¾Ğ²Ğ°Ñ‚ĞµĞ»Ñ @uservrbh0a9w4z ĞµÑĞ»Ğ¸ Ğ²Ğ¸Ğ´ĞµĞ¾ Ğ±ÑƒĞ´ĞµÑ‚ Ğ² Ñ€ĞµĞºĞ°Ñ…, Ñ‚Ğ¾ ÑĞ´ĞµĞ»Ğ°Ñ ĞµÑ‰Ğµ Ğ±Ğ¾Ğ»ÑŒÑˆĞµğŸ˜‰â¤ï¸",False,,justking_real,JustKing,,,,,,True
7134173227831627054,2022-08-20T23:55:47,14,US,,122900,568,544,756100,#ColorCustomizer ,False,,2prettydayanis_,2prettydayanis_,,,,,,False
7145529808489827626,2022-09-20T14:25:12,15,US,,122600,221,279,1200000,Baloney with no b y,False,,adrien_nunez,Adrien Nunez,,,,,,True
7143972308812713221,2022-09-16T09:41:20,15,ES,,122600,894,444,840400,@aishadescane // ig: kevindescanee #fyp ,False,,kevin.descane,Kevincito,,,,,,False
7153077739602447621,2022-10-10T22:35:00,13,VE,,122600,219,342,1100000,#pov no ocultamos las ganas que nos tenemos.. ,False,,zack.tz,EL CHICUELOğŸ’€,,,,,,False
7351514602053717291,2024-03-28T16:31:50,15,US,"cooper barnes screamed at the workers for having their zippers down, cooperbarnes, cooper barnes kick dan schneider, cooper barnes edit, cooper barnes and jerry trainor, Celebrity Duets, cooper barnes cuida a los niÃ±os, barnes and nobles, nickelodeon, duet movie",123100,1760,314,2400000,#duet with @marvelyelenax #nickelodeon ,False,,mikeytomsho17,ğŸ‡ºğŸ‡¸âš¾ï¸ğŸ»,,,,,,False
7139565881260084482,2022-09-04T12:42:09,14,IL,,122300,1738,388,935000,Legends @Ğ¢Ğ¾Ñ‚ ÑĞ°Ğ¼Ñ‹Ğ¹ Ğ’Ğ¾Ğ²ĞºĞ°ğŸ¥• ,False,,avivuni,Avilina,,,,,,False
7147775881019264262,2022-09-26T15:41:04,5,MX,,122100,7740,2193,767400,sip#lesbian #fyp #fypğŸ³ï¸â€ğŸŒˆâ¤ï¸ #lentejas #fyp #viral #parati ,False,,yam.mr,yamilâ™¡,,,,,,False
7144858606402292998,2022-09-18T19:00:34,12,ES,,122100,405,256,1200000,Mas o menos @davisuuarez2 ,False,,italianotonto,Jonata,,,,,,False
7158565677211684101,2022-10-25T17:31:01,9,HN,,121300,1376,425,1300000,#memeschrisowo #memeslatinosğŸ‘ #memesbr #ramdomvideos ,False,,_chrisyork,Chris York,,,,,,False
7158455301165878533,2022-10-25T10:22:39,27,MX,,121200,2326,466,913700,"Todos quieren hacer una sentdilla, pero nadie quiere prepararse para ella. #gym #foryou #fitness #powerlifting ",False,,_marioobeso,Mario Obeso,,,,,,False
7153391633159982378,2022-10-11T18:53:04,57,US,,119500,211,7189,1300000,Youtuber Gauntlet PT 3. #youtube #gauntlet #foryoupage #foryou #fyp #fypã‚· #viral #dantdm #popular #dream #markiplier #ssundee ,False,,i1blessed1i,Blessed,,,,,,False
7141773109559954693,2022-09-10T11:27:17,15,DE,,116300,667,966,1100000,#fun #dance #dadandson #fyp #foryou #foryoupage #mandjwithfamily ,False,,thedegenfamily,thedegenfamilyâ¤ï¸,,,,,,False
7157550350378077483,2022-10-22T23:51:09,17,US,,115000,156,14700,1200000,Built real size chugrug for @rug #fazerug #gfuel #paparug #fyp #chugrug #californiaadventure ,False,,tmovisuals,TMOVISUALS,,,,,,False
7204446229495909637,2023-02-26T07:50:59,7,TH,,115000,1053,754,960400,when do I learn this advanced technique??  #muaythai #martialarts #mma #pierssciolti #boxing #bjj #wrestling ,False,,pierssciolti,Pesh,,,,,,False
7142550308504308998,2022-09-12T13:43:12,15,IT,,114700,2416,501,579500,mikeyâ¤ï¸ #tokyorevengers#tokyorevengersedit#tr#toman#mikeytokyorevengers#mikey#manjirosano#draken#kenriuguji#takemichi#anime#edit#animeedit#capcut#perte#foryoupage#foryou#fyp#fy#viral ,False,,im_senju_kawaragi,ğ•¾ğ•°ğ•¹ğ•µğ–€,,,,,,False
7142669176459529477,2022-09-12T21:24:34,15,US,,114600,391,139,1400000,againnn,False,,noordabashh,noor,,,,,,False
7168658496077008133,2022-11-21T21:16:19,7,EC,,114500,200,114,1400000,#tips #consejos #acne #salud #consejos #style ,False,,lirykal,LIRYKAL,,,,,,False
7317389666481655041,2023-12-27T16:30:11,8,SA,,114400,1553,1410,441600,#packingorders #smallbusiness #thenighborhood #thenbhd ,False,,veinbowstore,Veinbow Store,,,,,,False
7139616758385921326,2022-09-04T15:59:28,19,US,,114300,204,425,707100,Austin told me not to disappoint him like Alex since I told him I knew the dance ğŸ˜­,False,,skyyjade,Sky ğŸ’”,,,,,,False
7183346303672372507,2022-12-31T11:12:48,28,DE,,113800,11500,1766,924600,#r6s #rainbowsixsiege #r6 #rainbow #concept ,False,,bentren05,bentren,,,,,,False
7161555818809183531,2022-11-02T18:54:23,21,US,,113300,48,245,714500,"You left us no choice.. Ladies, ya'll gotta catch upğŸ˜ #golf #topgolf #golfer #golftiktok ",False,,hammy.golf,Hammy Golf,,,,,,False
7145503289772133638,2022-09-20T12:42:14,15,GB,,113100,341,328,949400,I think tiny broke his phone ğŸ«¢#the22show ,False,,the22show,the22show,,,,,,False
7152883875826502918,2022-10-10T10:02:41,5,UG,,113000,652,248,795200,ğŸ’€#fyp #viral #itsokay24 #itsokay #texts #healing #motivation #mentalhealth #comebacks ,False,,itsokay24,Itâ€™sokay24,,,,,,False
7175288010655747333,2022-12-09T18:02:13,24,GB,"Ppl X Arnold, arnold splits, push day workout, workout, Bodybuilding, Gym Exercises, Shoulders And Arms Workout, PPL Arnold Exercise, Arnold, ppl x arnold program",113000,5345,617,1500000,Replying to @MateiValue69 1-1 Online Coaching in bioğŸ“ˆenquire nowğŸ‘Š,False,,gymtwins.ja,J.A.Fitness,,,,,,False
7146606057337392426,2022-09-23T12:01:36,15,US,,112900,381,147,1300000,Feels great to be back â¤ï¸,False,,adrien_nunez,Adrien Nunez,,,,,,True
7139512381247442181,2022-09-04T09:14:30,15,IT,,112700,1473,748,784100,lo rifaremo meglio promesso #perte #viral #newtrend ,False,,beatrice.fragione,bi,,,,,,False
7164063739023559941,2022-11-09T12:06:16,26,MX,,112400,5556,2788,747100,2 de mis mejores clips ğŸ˜ #videojuegos #parati #fyp #callofduty #cod #humor #mw2 #warzone #fy ,False,,bigpavo11,BigPavo,,,,,,False
7169335403961404678,2022-11-23T17:03:01,10,GB,,112300,1560,1960,1300000,Drop the @playadoptme chain in the comments!! ğŸ˜®â€ğŸ’¨ Will they notice? #roblox #adoptmevsbloxburg #StumbleToVictory #miniadoptme #bloxburgbuilder #bloxburg #adoptmeroblox ,False,,mythical_xo,Mythix,,,,,,False
7148564262745541893,2022-09-28T18:40:23,15,MX,,112300,185,396,789600,holaa#quatar #corset #fypã‚· #scoliosis ,False,,naomi.letellierc,â­ï¸NAOMIâ­ï¸,,,,,,False
7151758134237859114,2022-10-07T09:14:44,5,US,,112200,421,115,2200000,Love these earrings sm! #polymerclay #earrings ,False,,joystinyart,Joystinyart,,,,,,False
7166524841166736645,2022-11-16T03:16:40,11,GB,,111800,523,938,3100000,#CapCut ,False,,salishmatterreal11,Salishmatterreal1,,,,,,False
7154801929258847534,2022-10-15T14:05:48,15,US,,110400,278,4272,786100,you have to do this with your 5th @ ğŸ¡,False,,symonneharrisonofficial,SYMONNE HARRISON,,,,,,False
7338254526664789254,2024-02-21T21:55:29,47,NI,"Sweater Weather, sweater weather espaÃ±ol letra, The Neighbourhood, sweater weather en espaÃ±ol, sweater weather instrumental, sweater weather letra, sweater weather lyrics, Sweater Weather - The Neighbourhood, Sweater Weather Song by The Neighbourhood, The Neighbourhood Songs",111300,2012,210,676500,sweater weather-The Neighbourhood #theneighbourhood #sweaterweather #love #adore #lyrics #letras #canciones #song #viral #apoyo #music #oficial #trend #foryou ,False,,lyric_sub1,lyric,,,,,,False
7171832428141530374,2022-11-30T10:32:45,5,AT,,110000,7993,235,900700,#fyp #foryou #foryoupage ,False,,arda.demiir,Arda Demir,,,,,,False
7254519155200756997,2023-07-11T07:19:27,28,PH,,110000,5096,531,636900,"ã€ #HAIKAVEH ã€‘ if you ask me where tf was i going with this, i honestly dont know. i thought the song was neat Heavily ib: @//kinchip (yt) #alhaithamxkaveh #alhaitham #kaveh #genshin #genshinimpact ",False,,cynniecie,cierru,,,,,,False
7145896436905856298,2022-09-21T14:08:13,17,US,,109700,605,581,1200000,outside it starts to POURRR (literally lol) ,False,,monroecapri,monroe capri,,,,,,True
7148738670114180358,2022-09-29T05:57:13,15,FR,,109500,680,310,837600,ğŸ«¶ğŸ½ğŸ  #pourtoi #pourtoii #fyp #fypã‚· #faitesmoipercerwesh ,False,,nofvce,No face âš«ï¸,,,,,,False
7139831774959439105,2022-09-05T05:54:01,15,AU,,109100,349,357,1200000,#fyp ,False,,ella.she1ton,E L L A,,,,,,False
7170304726368603398,2022-11-26T07:44:30,27,NL,,109000,372,170,1200000,SHOCKING ğŸ¤¯ğŸ˜± ,False,,palaceofcurlz,Palace Of Curlz,,,,,,False
7145061505103449350,2022-09-19T08:07:58,13,IT,,108700,263,186,989300,<3 #annabodrone #rinataniguchi #simonagillone #beatricebaud #foyoupage #iceskating ,False,,pat_torino,pat_torino,,,,,,False
7169279993040620806,2022-11-23T13:27:58,6,PL,,108100,6599,2972,2200000,Kto sprÃ³buje? #dog #hotdog #test #nowoÅ›Ä‡ #smaczne #jedzenie #dc #dlaciebie #fastfood #tasty #dobre #Å¼abka,False,,tommyorlowsky,TommyOrlowsky,,,,,,False
6906201485051186437,2020-12-14T14:49:17,14,US,,108200,3127,1560,503900,#greenscreen #queensgambit #bethharmon #bennywatts #anyataylorjoy #thomasbrodiesangster #sweaterweather #fyp #foryou #GoodMorning #MakeItVogue #bi,False,,peelad,peelad,,,,,,False
7161774154180513029,2022-11-03T09:01:31,15,DE,,108000,3770,833,641100,Ãœber nacht zum MillionÃ¤r #fy #fÃ¼rdich #fyp #relatable #nonutnoverber #viral #motivation #midnightthoughts ,False,,yassin_stitou,Yassin,,,,,,False
7140278376840957189,2022-09-06T10:46:54,31,ES,,107900,898,332,631600,â˜„ï¸â˜„ï¸â˜„ï¸ #verano #viral #trend #fyp #foryou #2006 ,False,,ivan_11_s,I11S,,,,,,False
7171548771212463366,2022-11-29T16:12:01,18,PL,,107800,2429,3937,1800000,Simple Buddha Combo ğŸ˜#bloxfruits #roblox #bloxfruitsroblox #gaming #bloxfruitspvp #bloxfruitscombo #robloxfyp #bloxfruitsupdate17 ,False,,noex_r,noex,,,,,,False
7142585459720359174,2022-09-12T15:59:35,19,BR,,106600,5855,247,1100000,sweater weather | #theneighbourhood #sweaterweather #onelovetwomouths #edit #scrapbook #speedup #fy #fyp ,False,,noodleziip,ğ¿,,,,,,False
7144799845990026539,2022-09-18T15:12:39,15,US,"dancing on my own, She Asked For One More Dance",106500,495,319,1300000,This danceâ¤ï¸,False,,llaurengibson,llaurengibson,,,,,,False
7150107895877668142,2022-10-02T22:30:31,13,US,,106400,6521,317,1200000,letâ€™s make a drink - apple cider moscow mule #drinkwithme #cocktailtime #moscowmule #drinkrecipe #cocktailidea ,False,,matthew.campos,Matthew Campos,,,,,,False
7128225122661436715,2022-08-04T23:14:05,21,US,,106400,204,264,651200,Same parking lot same energy ğŸ¤ğŸ˜‚ #couple #couplegoals #fyp,False,,jandjfamily1,J & J Family,,,,,,False
7217234949223501098,2023-04-01T19:57:52,26,US,,106200,4142,260,1200000,*UPDATED* Corner Glitch in FIFA 23 #fut #glitch #fyp #corner #welcomehome #fifa ,False,,makatore,Zach,,,,,,False
7161004163197979910,2022-11-01T07:13:35,15,ES,,106000,1641,206,1400000,Ya te habÃ­as dado cuenta??#disney #disneyteorias #coco #losincreibles ,False,,marsab613,Marina613,,,,,,False
7149625760809061638,2022-10-01T15:19:33,15,VE,,106000,91,72,656400,Jumm gracioso ,False,,tashh02,NatashağŸ¸ğŸ«¶ğŸ½,,,,,,False
7157788348130626821,2022-10-23T15:14:51,6,MX,,105600,1385,1734,1000000,Contexto en inst a i g: gashiola #tiktoksbuchones ,False,,gashiolasrt,Gashiola,,,,,,False
7161903756743888133,2022-11-03T17:24:28,27,PE,,105500,2223,199,763400,Rutina de inglÃ©s (nivel bÃ¡sico) ğŸ’¯ #studytok #ingles #learnenglish #aprenderingles #idiomas #tablet #languages #poliglota #aprenderentiktok #estudiantes #fyp #fypã‚· #parati ,False,,thesign.pe,The sign,,,,,,False
7142116315141131563,2022-09-11T09:39:05,12,US,,105500,284,488,899300,,False,,kaylavoid,kaylavoid,,,,,,False
7139900327557336326,2022-09-05T10:19:54,18,ES,,105100,107,131,655200,La primera es literalmente de eso,False,,oneidasuarezz,ğ‘ƒ.,,,,,,False
7147006780441251118,2022-09-24T13:56:42,15,US,,105000,194,75,1100000,Replying to @wh0isadrien she really stole my dunkğŸ˜‚,False,,adrien_nunez,Adrien Nunez,,,,,,True
7151084922915097861,2022-10-05T13:41:52,10,BR,,104600,200,177,1400000,Respondendo a @yasminartdrawing ,False,,yasminartdrawing,Yasmin,,,,,,True
7142492032722898182,2022-09-12T09:57:05,18,IT,,104600,393,406,768800,solo ğŸ’”,False,,mocciadavide,Davide Moccia,,,,,,True
7198707503880768774,2023-02-10T20:41:49,29,BR,,104600,2611,16,882000,Chovendo na piscina com as besties ğŸ«¶â¤ï¸â€ğŸ©¹ğŸ’— (niver da Mika ) #fy #fypã‚· #vaiprofyinfernoğŸ‘ºğŸ”ª #vaiprofycaramba #vibedodia #fyppppppppppppppppppppppp #Verao #vaiprofycarambaaaaa @tiktok @tiktokbrasil @henrrizer_jkw @uma_pessoa_rrzzsp ,False,,bea_beauvoir_,âœ¨Beatriz Oliveiraâœ¨,,,,,,False
7142172459775642885,2022-09-11T13:16:58,15,PL,,104500,482,383,728700,Sunday morningğŸ¤â˜•ï¸ #sunday #weekend #morning #september #viral #fyp #foryou,False,,pinkcoconutt,coconutğŸ¥¥ğŸ’—,,,,,,False
7157399646468427050,2022-10-22T14:06:19,45,US,,104300,573,457,971300,Ayanogod carried them to victoryğŸ˜© #classroomoftheelite #ayanokouji #anime #animeedit #amv #ayanokoujikiyotaka #a #ayanokoujiedit #ayanokojiedit #manipulation #manipulator #fyp #fypã‚· #foryou #foryoupage #marrymeayanokouji #viral #onisqd #4k ,False,,._dark.sun._,Darksun,,,,,,False
7263542372229762337,2023-08-04T14:54:14,84,DE,,104200,484,864,1500000,Antwort auf @Jayden seine reaktion ğŸ¥¹,False,,moisdking,Mois D. King,,,,,,True
7152930440116997377,2022-10-10T13:03:30,11,IL,,104100,1414,1339,1900000,#fyp #dangerous ,False,,football731,football,,,,,,False
7137038969623137582,2022-08-28T17:16:20,15,US,,104000,153,325,401900,we can never have nice things #sweaterweather #fyp ,False,,iluvshar2,shar,,,,,,False
7154693379828272386,2022-10-15T07:04:33,14,AU,,103900,1073,6163,2100000,#scam#CapCut #bloxfruit ,False,,randombountyhunter,donkey_balls42069,,,,,,False
7132866131169152299,2022-08-17T11:23:36,15,US,,103900,585,792,609200,@Big Lena ğŸ’—,False,,amb.byrd,Admire My Beauty,,,,,,False
7187727594433842437,2023-01-12T06:34:10,18,UA,,103900,2579,614,530400,#æ–‡è±ªã‚¹ãƒˆãƒ¬ã‚¤ãƒ‰ãƒƒã‚°ã‚¹ #bungoustraydogs4thseason #bungoustraydogs #ÑƒĞºÑ€Ñ„Ğ´Ğ±ÑĞ´ #rampoedogawa #Ğ±ÑĞ´4ÑĞµĞ·Ğ¾Ğ½ #Ñ€Ğ°Ğ¼Ğ¿Ğ¾ĞºĞ¾Ñ‚Ğ¸ĞºĞ¼ÑÑƒĞ¼ÑÑƒ ,False,,baj1nka,chi,,,,,,False
7144617744313371947,2022-09-18T03:26:33,7,US,,103800,5700,5779,754500,@ahya0803<3ğŸ’“,False,,lilwqaser,lilwqaser,,,,,,False
7178985795414691118,2022-12-19T17:11:37,12,US,,103800,2072,161,1700000,Itâ€™s been too long since I have seen this lil guy ğŸ¥ºâ¤ï¸â€ğŸ”¥ Baby otter ,False,,austinsprinz,Austin Sprinz,,,,,,True
7151043461989321989,2022-10-05T11:00:56,15,BR,,103700,179,257,910700,genteee oq rolou aqui? Kkkkkkkkk,False,,jullymolinna,jullymolinna,,,,,,True
7141110024054541569,2022-09-08T16:34:10,18,IT,,103700,757,1081,622600,ig: puc._.ca,False,,imrivuz,rivuz :),,,,,,False
7167040525323881733,2022-11-17T12:37:44,15,DE,,103500,254,335,704800,abkÃ¼rzungen >>> #foryou #fyp #ex #equestrian #showjumping #competition #boyfriend ,False,,einfachameli,a m e l i e,,,,,,False
7151421527399877894,2022-10-06T11:28:01,15,ZA,,103000,147,363,1100000,All jokes #sashadomnikov @calipurniaâ¤ï¸ @dzungiã‚·ï¸ @MishaDomnikoff and yes i know i cant dance ğŸ˜­ğŸ¤·,False,,sashadomnikoff,Sasha,,,,,,False
7149595232646991110,2022-10-01T13:21:04,15,BR,,102900,129,609,2600000,,False,,yasminartdrawing,Yasmin,,,,,,True
7209695772445527301,2023-03-12T12:21:59,14,DE,,101300,5253,212,4000000,ğŸ¦he has finally managed to tame the waterğŸ¦ğŸ¤™ğŸ½âœ¨#fyp #foryou #forypupage #viral #tiktok ,False,,appathereptile,Appa,,,,,,False
7164756776116587782,2022-11-11T08:55:38,9,DE,,101200,759,201,710400,Watch closely ,False,,kindakiri,Kiri,,,,,,False
7142627057212837126,2022-09-12T18:41:03,16,CA,,101200,274,88,789200,Build up the muscles around your waist for better ratios â³,False,,sarahjohnstonfit,Sarah Johnston,,,,,,False
7149741226126871813,2022-10-01T22:47:44,15,MX,,100900,499,476,764600,Tamo muchoo                                           #sweather_weather #fypã‚· #foryou #trending #bestieee #supermercado #carrito,False,,nickyy_taa,nicola,,,,,,False
7139958797723798790,2022-09-05T14:06:47,13,GB,,100700,492,695,979200,Have a draft #foryoupage #fypã‚· #trending ,False,,ethan.matthews04,Ethan Matthews,,,,,,False
7161490357069434117,2022-11-02T14:40:15,62,FR,,99600,1391,770,846000,Shane Leurs fait comprendre que c'est plus le mÃªme monde (Fake situation fake Weapon) #thewalkingdead #twdedit #edit #fypã‚· #pourtoi #fouryourpage #twd #rickgrimes #rick #sad #sadstory #shanewalsh ,False,,joker_twd,ğ—ğ—¼ğ—¸ğ—²ğ—¿Â ğ—§ğ˜„ğ—±,,,,,,False
7136802817813040427,2022-08-28T01:59:58,15,US,,99300,1186,827,673200,whereâ€™d the dog ğŸ• come from at the end?#PartyWithVMAs #fyp ,False,,tracihutchins_,traci hutchins,,,,,,False
7148118491655195909,2022-09-27T13:50:33,19,DE,,99200,76,424,1100000,War alles richtig? #qualleğŸ‘‘ #schiedsrichter #gelbekarte #kreisliga #fussball #fussballâ¤ï¸ #kÃ¤mpfen #traum #allesgebe #bundesligatiktok #fyp @_milanog_ ,False,,quallexd001,QualleXD,,,,,,True
7150770630923668778,2022-10-04T17:22:19,8,US,,99200,86,343,674400,,False,,bigekane,EKANE ğŸ’…ğŸ½,,,,,,False
7296946809073585414,2023-11-02T15:20:25,35,BR,,99300,4150,475,918800,16:20pm â˜… | the neighbourhood ; sweater weather | #theneighbourhood #sweaterweather #fypã‚· #viral #foryou #foryoupage #lipelyrics #traduÃ§Ã£o ,False,,lipelyrics,ğ—¹ğ˜†ğ—¿ğ—¶ğ—°ğ˜€ â˜…,,,,,,False
7169573596380138758,2022-11-24T08:27:22,11,DE,,99200,1331,454,2200000,ğŸ¥·ğŸ¼ğŸ’¥ #gsg9 #bundespolizei #polizei #berlin #fyyyy #bundeswehr #sexy #police #viral #foryou #tiktok #sek #german #deutschland #trend ,False,,spezialeinheitenglobe,SpezialeinheitenGlobe,,,,,,False
7151370262565391622,2022-10-06T08:09:09,15,ES,,99000,698,233,753700,A nuestro modo ğŸ¤ªğŸ™ŒğŸ¼,False,,lodivad,lodivad,,,,,,False
7139618994222304558,2022-09-04T16:08:08,15,US,,99000,293,289,665800,dance lowkey fun asl @Honeyb â¤ï¸,False,,bbygshaii,shai ğŸ©µ,,,,,,False
7153598230729706758,2022-10-12T08:14:47,12,DE,,98800,36,24,1300000,"Hatte schonmal ein VoiceOver mit Papa, war witzigğŸ˜ #pool #pooltok #asmr #fyp #foryou ",False,,derfolientyp,FolienTyp,,,,,,False
7142172395065838890,2022-09-11T13:16:38,17,US,,98800,49,149,648500,Ouch,False,,kesley.leroy,Kesley Jade LeRoy,,,,,,False
7149745511744965894,2022-10-01T23:04:22,10,BR,,98800,248,208,1500000,Respondendo a @guicapivara_ ,False,,guicapivara_,Guicapivara,,,,,,True
7157015464462470405,2022-10-21T13:15:31,7,MX,,98700,2292,1160,620900,"Cntexto en mi inst a, i g: gashiola #tiktoksbuchones ",False,,gashiolasrt,Gashiola,,,,,,False
7141045270233500930,2022-09-08T12:22:51,15,MT,,98700,528,279,893100,ğŸ¡ I'm flying home,False,,badbaarbie,BAD BARBIE,,,,,,False
7082766399554260229,2022-04-04T11:11:01,8,NL,,98700,502,10,6800000,#peppapig,False,,itsme____111,nobody,,,,,,False
7194949475746565381,2023-01-31T17:38:44,29,NG,,98600,2554,1136,1100000,Relatable Henry #netflix #horridhenry #comedy #cap #funfact #fact #sad ,False,,theyoutubebro,Leo the youtube guy,,,,,,False
7146591668798573825,2022-09-23T11:05:46,15,TR,,98500,336,449,1100000,Telefonun kasmasÄ± ve Ã¶nÃ¼mden geÃ§ilmesi mahvetti videomu,False,,elifsaracburda,Elif SaraÃ§,,,,,,False
7147774257454517550,2022-09-26T15:34:57,10,US,,98400,907,482,676800,maybe next time #fyp #xyzbca #trending ,False,,dtejj,NEEK,,,,,,True
7130639898121571630,2022-08-11T11:24:41,13,US,,98300,899,0,976700,Im sweating hahahha,False,,anastowell,Ana,,,,,,False
7148871578590170369,2022-09-29T14:33:03,6,GE,,97700,355,244,634600,#Winter is coming âœŒğŸ»,False,,nutsa.surguladze,Nutsasia,,,,,,False
7155822092196384006,2022-10-18T08:04:31,15,PL,,97600,701,504,807300,WarszawkağŸğŸ§œâ€â™€ï¸#warszawa #syrenkawarszawska #warsaw #girls #dance #happy #friends #dc #foryou ,False,,mazoretki.enigma,Rybnicka Akademia MaÅ¼oretek,,,,,,False
7146836429971197190,2022-09-24T02:55:42,18,CL,,97500,624,82,733400,luisfer parecÃ­a otra cosa KKSSKKk,False,,sheylimontiel,sheylimontiel,,,,,,False
7147697281616104705,2022-09-26T10:36:05,15,IT,,97000,312,328,1000000,â˜€ï¸ @elisa campolunghi ,False,,mura0201,MuraA,,,,,,False
7161495908444654853,2022-11-02T15:01:47,15,GB,,96800,5364,253,1600000,EP 3 | healthy mac and cheese thats low  calorie and high protein + is super easy & quick to make! #gym #highprotein #lowcalorie #pasta #pastatiktok #macandcheese #weightloss #macrofriendly #lowcalorierecipe #healthycooking #fypã‚· ,False,,finlytaymart,Finly TayMart | Online Coach,,,,,,False
7143640548560145670,2022-09-15T12:13:52,15,BY,,96700,278,2725,767600,Ğ¼Ğ½Ğµ Ğ½Ğµ Ğ½Ñ€Ğ°Ğ²Ğ¸Ñ‚ÑÑ ÑÑ‚Ğ¾ Ğ¿Ğ¾ĞºĞ¾Ğ»ĞµĞ½Ğ¸Ğµ ğŸ¥²ğŸ¥²ğŸ¥² ,False,,ggreshnica_,Ğ³Ñ€ĞµÑˆĞ½Ğ¸Ñ†Ğ°,,,,,,False
7186746073417829637,2023-01-09T15:05:17,11,GB,,96800,316,96,968500,You know youâ€™ve made it when making money becomes EASY. #arturoduarte #smma #mindset #dropshipping #ecom #millionaire #motivation #socialmediamarketingagency #ecommerce ,False,,itssarturoduarte,Arturo Duarte,,,,,,False
7147131409482697989,2022-09-24T22:00:17,23,PE,,96600,382,431,861100,De parte de una geminiana â™Šï¸ #wattpad #wattpadstories #fyp #parati #fypage #lectorasdewattpad #lectora #joanamarcus #arianagodoy #sarahjmaas #colleenhoover #atdmv #add #acotar #itendswithus #jackross #areshidalgo #rhysand #atlas #lectores #wattpadrekomendasi #librosen60seg #wattpadespaÃ±ol #booktoker #wattpader #wattpadrecommendations #spicybooktok #wattpadtiktok #libroslibroslibros #librostiktok #libros #signos #signoszodiacales #humor #viral #xyzbca ,False,,nikkithebookgirl,ğŸ¦‹ Nicole ğŸ¦‹,,,,,,False
7145607790055181611,2022-09-20T19:27:52,14,US,,96700,180,597,1500000,Went crazy ğŸ˜³,False,,joealbanese,Joe Albanese,,,,,,True
7152103730916183302,2022-10-08T07:35:22,15,ES,,96400,236,225,644900,,False,,byhermoss,By hermoss,,,,,,False
7132420552458915098,2022-08-16T06:34:33,29,ID,,96300,2466,637,563600,Membalas @.teaganxoxo sweater weather!!,False,,kayavien,vian,,,,,,False
7148059629044501765,2022-09-27T10:02:10,15,AR,,96200,270,368,521900,,False,,julypena3,julypenaa,,,,,,False
7142533334818671878,2022-09-12T12:37:20,15,DE,"sweater weather dance tutorial, dances to do with your little sister, Sweater Weather, Sweater, Big Sister And Little Brother",96100,148,164,1200000,Replying to @ilikeyourmumy #foryoupage #foryou #dance #viral,False,,caputzi,caputzi,,,,,,False
7155167722433826094,2022-10-16T13:45:19,8,US,when he looks at another girl,96000,73,266,405900,#fyp #viral  (uber eats&shein in bio),False,,domhasemotions,<3,,,,,,False
7280199317049117953,2023-09-18T12:11:38,9,US,"jacquis ending mk11, kitana and liukang, jacquis mortal kombat ending, kitana ending mk11, jacquis mortal kombat, Liu Kang, liu kang and kitana edit, kang, mortal kombat movie, mk9 kitana",95900,3388,283,454800,#LIUKANG x KITANA / how much i love themmmm  [ #liukang #liukangedit #liukangmortalkombat #kitana #kitanawins #kitanamortalkombat #kitanaedit #mk #mk11 #mk1 #mkxl #mk9 #Ğ¼Ğ¾Ñ€Ñ‚Ğ°Ğ»ĞºĞ¾Ğ¼Ğ±Ğ°Ñ‚ #ĞºĞ¸Ñ‚Ğ°Ğ½Ğ° #Ğ»ÑĞºĞ°Ğ½ ] ,False,,wirenixx,wirenixx,,,,,,False
7137716047548878122,2022-08-30T13:03:47,13,US,,95400,440,437,597400,,False,,secretmads2,secretmads2,,,,,,False
7145840887640182022,2022-09-21T10:32:20,13,ES,,94300,1147,249,950500,Con quiÃ©n os gustarÃ­a irâ“ï¸#safarisyviajes #viajestiktok #lugaresbaratos #lugaresincreibles #europa #viajareuropa #croacia,False,,safarisyviajes,Safaris y viajes,,,,,,False
7202437252801121541,2023-02-20T21:55:11,58,MX,,94200,935,230,798300,Mi peinadito fav ğŸ«¶ jajaj#gym #peinado #gymtok ,False,,marurista,Mar,,,,,,False
7154773188013018374,2022-10-15T12:14:10,12,GB,,94000,2254,1082,1300000,Sign Up Free To Play And Give Your Feedback On The New skate. Via The EA Website!ğŸ¤™ğŸ»  #skate. #skate3 #skate3challenge #skate4 #goskatenow #skate1 #skate2 #skate3god #skateboarding #skate #skateboard #skatelife #skatergirl #skaterboy #skatetbconta #skatepark #skateboardingisfun ,False,,skateunion,skate.,,,,,,False
7141868603644890414,2022-09-10T17:37:47,20,US,,93900,197,275,569300,We loveee this dance!,False,,kesley.leroy,Kesley Jade LeRoy,,,,,,False
7265072490886499590,2023-08-08T17:51:49,33,BR,"Rapunzel, Rapunzel And Flynn, Tangled, Rapunzel Edits, Rapunzel's Tangled Adventure, Eugene Fitzherbert Tangled, Princess Rapunzel, flynnrider, Tangled The Series Rapunzel And Eugene, Rapunzelâ€™s Tangled Adventure Edits",96600,1141,494,901400,sÃ³ quem assistiu a sÃ©rie sabe do sofrimento pra chegar nesse casamento #tangled #rapunzel #disneyedit #tanglededit #eugenefitzherbert #flynnrideredit #tangledeverafter #foryou #fyyp #rapunzeledit #foryoupage #enroladosedit #fyy ,False,,esther.ediiitss,esther,,,,,,False
7074656051999575339,2022-03-13T14:38:44,18,US,,93700,2490,212,1200000,Celebrity wedding invites pt.2 â¤ï¸#celebrityweddinginvites  #olivegarden #wineglasses,False,,k_y_lie,Kylie,,,,,,False
7148212832750898438,2022-09-27T19:56:41,19,BR,,93400,637,980,464500,o carrinho sumindoKKKKKKAKSNAKJK #supermarket ,False,,gostosakkkkkkkkk_,beca,,,,,,False
7144342799310277893,2022-09-17T09:38:59,15,GB,,93400,949,480,660300,boy and girl edition !!ğŸ’ #fyp #duo #bitmoji #foryou #foryoupage #boyfriend #autumn #halloween #october #girlfriend,False,,..bitmoji_girl_,i follow back <33,,,,,,False
7147251792324070662,2022-09-25T05:47:23,12,ES,,93300,1094,426,1000000,En mi Ig tenÃ©is unas destacadas dÃ³nde podÃ©is ver de dÃ³nde es mi ropağŸ«¶ğŸ¼âœ¨ ,False,,mateoolivaress,Mateo Olivares,,,,,,False
7177932902657789226,2022-12-16T21:05:45,6,US,,93300,2677,140,701300,I canâ€™t wait to see his reaction â˜ºï¸ #toddlersoftiktok #toddlerboymom #toddlermom #toddlertok #giftsfortoddlerboys #giftsfortoddlers #toddlermoms #toddlermomsoftiktok ,False,,kristin.twomey,kristin.twomey,,,,,,False
7144812318558391558,2022-09-18T16:00:56,12,DE,,93200,1150,1833,376200,Is your fyp stupid dance or jim? #fyp #jim #foryou #viral #foryou #pushups ,False,,iam_haval.1,haval,,,,,,False
7145566451380915461,2022-09-20T16:47:25,15,BR,,93200,920,1257,939400,Ja marca aqui alguÃ©m pra danÃ§ar essa com vc ğŸ’ğŸ’ (Gabriel quase me derrubou kkkkkjj) #dance #irmaosrobatini #foryoupage #sweaterweather ,False,,gi_robatini,Gi Robatini ğŸª,,,,,,False
7152310687077780742,2022-10-08T20:58:28,58,MX,,93200,654,773,1500000,ADOPTANDING ğŸ§¡ğŸ¥° #brookhaven #roblox #sharblox ,False,,sharblox_,âœ­S H A R B L O Xâœ­,,,,,,False
7149209694379183365,2022-09-30T12:24:59,12,DE,,93000,967,366,950800,#fuÃŸball #fy #fyp #fÃ¼rdich #soccer #EndlessJourney #fuÃŸballer #schuhe #fussballschuhe #nike #foryou #crush #name #soccerboys #fuÃŸballliebe #trend #viral ,False,,yvonlcr,Yvon,,,,,,False
7146289485729271046,2022-09-22T15:33:05,9,IE,,92800,634,628,664700,Stings doesn't it? #foryou #fyp #viral #trending,False,,bulymaguire,BM,,,,,,False
7136431774699130118,2022-08-27T02:00:12,9,CA,,92600,480,1281,422700,"I miss myself back then, was so simple ong. Now im messed up. Ong i needa get back in the striaght path. My buggest feat is dissapointing my parents so i gotta be locked in for school #greenscreen #fyp #2019",False,,not.riyyan,Riyyan Tahir,,,,,,False
7148235677103066411,2022-09-27T21:25:19,10,AR,,92500,3974,1230,408100,>>> #foryou #fyp #foryoupage #fypã‚· #parati ,False,,aguscha01,agustinaschachtl,,,,,,False
7144492277900217646,2022-09-17T19:19:06,15,US,,92600,280,1095,481600,ğŸ’“,False,,gabbieisfit,gabbieisfit,,,,,,False
7156905638902172929,2022-10-21T06:09:19,23,AU,,92600,958,807,1700000,Itâ€™s so difficult to find time to learn new stuff these days! With the growing popularity of real-time 3D Production Iâ€™ve started to test the waters of the extremly daunting UE5 ğŸ˜‚  #3dart #3d #UE5 #unrealengine #blender #c4d #motiondesign #animation ,False,,brockcreative,BrockCreative | Digital Artist,,,,,,False
7142842574267616518,2022-09-13T08:37:20,15,IT,,91300,912,1329,804500,#â¤ï¸,False,,i_figghiozzi_di_vene,figghiozzi,,,,,,False
7149582171127155974,2022-10-01T12:30:23,11,DE,,91100,3935,197,1900000,##Ğ¿ÑƒÑ‚Ñ–Ğ½Ñ…ÑƒĞ¹Ğ»Ğ¾ğŸ‡ºğŸ‡¦#ÑĞ»Ğ°Ğ²Ğ°ÑƒĞºÑ€Ğ°Ñ—Ğ½Ñ–ğŸ‡ºğŸ‡¦ğŸ‡ºğŸ‡¦ğŸ‡ºğŸ‡¦ğŸ‡ºğŸ‡¦ğŸ‡ºğŸ‡¦ÑĞ»Ğ°Ğ²Ğ°Ğ·ÑÑƒ ,False,,mira_1200_4,mira_1200_4,,,,,,False
7164474859832069381,2022-11-10T14:41:37,334,MA,,91200,381,466,724600,my favorite C-drama ğŸ¥º <3 #cdrama #cdramalover #cdramas #cdramaedit #cdramarecommendations #cdramacouple #china #chinadrama #romance #romancecdrama #doctor #youraremyhero #militarymedical #baijingting #baijingtingç™½æ•¬äº­ #masichun #masichuné©¬æ€çº¯ #jiangpeiyao #wangyang #serie #chinese #chinesedrama #kdrama #love #lovestory #fy #fypã‚· ,False,,park__krystal,krystal ğŸ»,,,,,,False
7171209613751241990,2022-11-28T18:15:56,10,CA,,91200,6374,639,2300000,Pour dÃ©boucher ton nez ğŸ‘ƒ #nez #rhume #allergies #fyp #pourtoi,False,,chirostefoy,chirostefoy,,,,,,False
7135954174176529707,2022-08-25T19:06:46,10,US,,91000,516,718,400700,like fr? someone lmk #tiktok ,False,,advancedquantumtheory,ğ•ğ•’ğ•¥ğ•”ğ•™ğ•’ ğ•ğ•šğ•ğ•œ ğ•“ğ• ğ•ª,,,,,,False
7150274790727634182,2022-10-03T09:18:08,7,CA,,91000,460,169,862600,Sharing from my girl @_mssn #weightloss #weightlosstips ,False,,emmaa.getsfitt,Emma | weight loss & life,,,,,,False
7139266673382657285,2022-09-03T17:21:01,14,CA,,90700,184,2637,510300,,False,,mqrizbr,mqrizbr,,,,,,False
7200416851166252290,2023-02-15T11:14:55,11,SA,,90700,1727,782,564700,oh #leeknow #felix #minlix ,False,,minlix,ğŸ§¸,,,,,,False
7161540760364485893,2022-11-02T17:55:51,26,RS,,90500,2478,501,1400000,Theyâ€™re so fun hehe and donâ€™t mess with them #aakashahlawatvlogs #foryou #serbia #beograd #usa #fypã‚· #balkan #balkantiktok ,False,,aakash._.ahlawat,Aakash Ahlawat,,,,,,False
7096206421972225326,2022-05-10T16:25:09,11,US,,90300,277,458,488100,,False,,brookshuff,Henry Huff,,,,,,False
7174346306104659201,2022-12-07T05:07:55,16,AU,,90200,1542,241,806200,#CapCut #mtbforyou #fyp #mtb #mountainbike #foryou #foryourpage #foryoupage #fypã‚· #fypã‚·ã‚šviral #viral #OscarsAtHome ,False,,mountainbikes56,mountainbike_hub1,,,,,,False
7166777130301361413,2022-11-16T19:35:38,7,MX,,90200,1061,345,651400,Contexto en inst a banda #tiktoksbuchones ,False,,gashiolasrt,Gashiola,,,,,,False
7129271078240701738,2022-08-07T18:52:30,20,US,,90000,1473,1223,1600000,DC: @marii @keii â¤ï¸â€ğŸ”¥â¤ï¸â€ğŸ”¥this dance is actually fun to doğŸ¤­                                             #foryou #fyp  #viral #mianmya1 #trending #twinsisters #foryoupage #trend #twins #sisters #dance #dancechallenge #challenge #findyourgrace #siblings #lacefront #twin #fypã‚·,False,,mianmya1,Mia&Mya,,,,,,False
7155122352534211845,2022-10-16T10:49:07,7,GB,,89800,4396,538,976800,It makes for a better relationship if you can still have your own time ğŸ–¤ #fyp #charlotteandraj #mollymae #COD #warzone #gamerboyfriend #relationshiptips #couplegoals #relationshipgoals #healthyrelationship,False,,charlottelucyn,Charlotte & Raj,,,,,,False
7218721650165075246,2023-04-05T20:07:02,29,US,,89700,1240,2014,2000000,#chess #foryou #chessman #chess memes #foryoupage #fyp #fy #viral #chessmaster #chesstiktok #chessboard #topchess ,False,,bestchessplayer7,Chessking,,,,,,False
7146281464265460997,2022-09-22T15:01:58,15,DE,,89000,2833,526,1900000,SweaterWeatherğŸŒ§Dancetutorialâ€¼ï¸ Dc:@thechloesareteasf #sweaterweather #theneighbourhood #dancetutorial #duodance #fypã‚· ,False,,senpaiblackfoot,BlackfootSenpai,,,,,,False
7147025728855461162,2022-09-24T15:10:13,14,US,,88900,202,375,751700,@James Millar dc: @marii ,False,,treymakai,TreyMakai,,,,,,False
7150431240959577349,2022-10-03T19:25:19,10,MX,,88700,27,148,920200,Quieren parte 2? Realmente me gusta grabar cuando no se da cuenta jajaj ğŸ‘€ #crush #humor #couplegoals #cdmx ,False,,iaancorona,El nene ğŸ§¢,,,,,,False
7157801516051516677,2022-10-23T16:05:38,89,MA,,88700,326,346,695400,#maroc #marocaineğŸ‡²ğŸ‡¦ #minivlog ,False,,zaidfrg0,zaid frigui,,,,,,False
7205317100162780422,2023-02-28T16:10:23,96,BR,,88600,476,645,532100,Viaja com um atleta profissional de basquete! #vlog ,False,,felipeemotta,Felipe Motta,,,,,,False
7280635668701728046,2023-09-19T16:24:58,26,US,,88600,12200,189,781300,They tasted so good!! @Brian&Natalie #natalieandbrian #couplestiktok #couples #couplegoals #marriage #marriedlife #dinner #routine #dinnerideas #halloween #fall #jackolantern #stuffedpeppers #date #dateideas #datenight #fyp #fy #yoursign ,False,,natalies.smith,Natalie Smith,,,,,,False
7142009951626513665,2022-09-11T02:46:32,26,AU,,88500,1003,453,845800,Good boxing match between @austinmcbroom & @anesongib respect to both of these guys for getting in the ring with each other! #socialgloves #fypã‚· #boxing ,False,,isabelaa877,I S A B E L A,,,,,,False
7153528373216546054,2022-10-12T03:43:42,25,IT,,88500,215,130,1100000,:),False,,desirenicosiaa,DesirÃ¨ Nicosia,,,,,,False
7143302900817677574,2022-09-14T14:23:37,11,VE,,88600,916,479,815000,Fav song fr ,False,,mariavictoriatg,kiki,,,,,,False
7149206489805147397,2022-09-30T12:12:33,25,PL,,88400,1591,384,805100,@<3 WSZYSTKIEGO NAJLEPSZEGO CHÅOPAKI!â¤ï¸,False,,rutkosia_o,oli,,,,,,False
7158831017523039494,2022-10-26T10:40:41,29,GB,"elevator prank flying to the sky, funny prank calls lisp guy, funny prank calls spanish guy, elevator prank, elevator prank horror, elevator prank flying to the sky alone, elevator prank flying to heaven, Prank Videos, prank, elevator",88200,1070,1326,1700000,*it's just a prank* #foryou #xyzbca #elevator #prank #funny #sad ,False,,couwar,.,,,,,,False
7141049546938780930,2022-09-08T12:39:26,19,IT,,88000,1196,330,742800,Siete pronti per un party incredibile? Vi aspettiamo il 17 Settembre al Polaris di Carate Brianza alle 21:30 con tutti i nostri conduttoriâ€¦ special guest @paganteofficial ğŸ”¥ğŸ«¶ #RDSnext ,False,,rdsnext,RDS Next,,,,,,True
7141143498274835758,2022-09-08T18:44:06,11,US,,87900,1442,3506,1000000,Replying to @x.princess4life.x added these to thr shopğŸ¦we get so many lion king requests! @resinrockers #dogtags #resindogtag #customdogtag #lionking #crafts #cricut #resin #pettags ,False,,made.by_amanda,Custom Pet Tags,,,,,,False
7147461558044478762,2022-09-25T19:21:24,15,US,,87800,152,221,895400,Bringing this trend back #foryou #twins ,False,,splashtwinz,SplashTwinz,,,,,,True
7139934831319715115,2022-09-05T12:33:45,15,US,,87700,316,294,906500,ily @Mark,False,,sheadurazzo,SHEA DURAZZO,,,,,,False
7156333432992271621,2022-10-19T17:08:48,25,GB,,87600,67,399,2800000,Replying to @Kari ğŸ¤ #fyp #foryou #foryoupage #halloween ,False,,mege0n,^_^,,,,,,False
7194938024906575109,2023-01-31T16:54:17,25,PL,"the notebook, the notebook ending scene, the notebook ending, The Notebook movie, Notebook Movie, thenotebookedit, The Notebook Clips, notebook, Romance Movies, The Notebook (2004)",87700,1973,145,1300000,#thenotebook #thenotebookedit ,False,,hpfavship,the best,,,,,,False
7192632185940167941,2023-01-25T11:46:26,9,BR,,87500,1295,74,581100,... #theneighbourhood #legend #tipografia #traduÃ§Ã£o #letra #legenda #mÃºsica #song #lyrics #fyp #fyyy #vaiprafy #fy #naoflopa #trend #trending #viraltiktok #vaiprofy #viral #funny  #vaiprofycaramba #fouryoupage ,False,,tripografia3,tripogg,,,,,,False
7148505558360788229,2022-09-28T14:52:35,15,ES,,87300,135,128,618600,tiktok haz de tu sabiduria y encontrad al niÃ±o JAJAJJA que maquina,False,,miriaam03_,Miriamâœ¨,,,,,,False
7168518028378770694,2022-11-21T12:11:09,26,FR,,86400,612,500,1000000,With fab_photography_fr (Ig) for the arduino part !  #fnaf #cosplay #springbonnie #craft #williamafton #fyp ,False,,yannisammarr,Yannisammar,,,,,,False
7144002806301674794,2022-09-16T11:39:41,15,US,,86400,95,152,1200000,She doesnâ€™t listen Lmaooâ€¦. YES SHE GOT SHAVED ğŸ˜©ğŸ¤¦ğŸ½â€â™€ï¸,False,,splashtwinz,SplashTwinz,,,,,,True
7144378588513504517,2022-09-17T11:57:50,15,CA,,86300,1201,789,605700,maybe I need a league boy instead ğŸ’€#fyp #foryou #valorant ,False,,huynhtwins,Huynh Twins,,,,,,False
7141479554379500801,2022-09-09T16:28:09,15,US,,86300,647,442,814300,we tried ğŸ˜‚ @pokrov,False,,kennelly_michelle,Michelle Kennelly,,,,,,True
7153336651849157894,2022-10-11T15:19:41,11,UA,,86200,3850,205,576300,"Ğ¼Ğ¾Ğ¶Ğ½Ğ° Ğ½Ğ°ÑĞ¾Ğ»Ğ¾Ğ´Ğ¶ÑƒĞ²Ğ°Ñ‚Ğ¸ÑÑŒ Ğ´Ğ¾Ñ‰ĞµĞ¼, Ğ° Ğ¼Ğ¾Ğ¶Ğ½Ğ° Ñ‡ĞµĞºĞ°Ñ‚Ğ¸ Ğ¿Ğ¾ĞºĞ¸ Ğ²Ñ–Ğ½ Ğ·Ğ°ĞºÑ–Ğ½Ñ‡Ğ¸Ñ‚ÑŒÑÑğŸ’” ",False,,vikagatsken,Vika model | ugc,,,,,,False
7151567544577428782,2022-10-06T20:54:45,15,US,,86100,637,184,544000,happy valentines day,False,,holeycannoli,Ava,,,,,,False
7208666014920346886,2023-03-09T16:45:54,13,NI,,86200,3547,103,771400,:) | The forbidden pre-workout | GYM RATS = 312K / 313K | #gym #gymtok #gymrat #motivation #gymsad #sadtok #gymmotivation #gymrat #gymbros #brokenheart #forbbiden #fyp | ig: tellez_kenneth,False,,kenneth_tellez,$UICIDEBOÂ¥,,,,,,False
7139265578040052997,2022-09-03T17:16:43,13,FR,,86000,363,1610,1200000,,False,,andreabgk,AndrÃ©a ğŸº,,,,,,False
7158141779013881094,2022-10-24T14:06:02,10,DE,,85800,561,363,1200000,Back to the rootsâ¤ï¸â€ğŸ”¥ #fyp ,False,,mariusmotorsport,MARIUS| Motorsport ğŸ,,,,,,False
7146271493549231403,2022-09-22T14:23:37,19,US,,85700,29,137,451900,Replying to @my_funeral_guest_list7  ğŸ™ğŸ½ #momtok #momsoftiktok #momofteens #dancetok ,False,,kendrasraymond,Kendra,,,,,,False
7141932053922073902,2022-09-10T21:43:59,15,US,,85600,241,289,480500,good vibes only â¤ï¸ğŸ¤ğŸ½ @_b.enet ,False,,finibradley,Infiniti Bradley ğŸ’•,,,,,,False
7146609335349660933,2022-09-23T12:14:15,12,IT,,85400,1005,529,1200000,Ig:natasha.martino ğŸ¥€,False,,natashamartino,NATY,,,,,,False
7156662505757003014,2022-10-20T14:25:42,15,DE,,85400,467,743,553100,cause you loved the last one so much ğŸ«¶ #fyp #viral #cosplay #dancetrend #marvelcosplay ,False,,nina.dulli,Nina ğŸ«¶,,,,,,False
7176627973863247110,2022-12-13T08:41:55,27,PL,,85100,2828,288,1700000,Jak odczytaÄ‡ ukryty/zamazany tekst? #apple #iphone #read #ukryta #wiadomosc #privacy #prywatnosc #spy #friends #znajomi #wymianaszybki #serwis #serwisiphone #wroclaw #warszawa ,False,,wymianaszybki,wymianaszybki,,,,,,False
7214627900191001861,2023-03-25T19:21:02,15,GB,,84700,701,162,7200000,idk if it worked right #mcdonalds #happymealtoy #nostalgia #fyp #viral ,False,,retrotoyseller,Retro Toy Seller ğŸ§¸,,,,,,False
7155797435955121413,2022-10-18T06:28:50,15,IT,,84700,2430,3176,3100000,#thevaluee #drip #outfit #ğŸ’§ #MindfulWearing #fyp #greenscreen ,False,,thevaluee,TVE,,,,,,False
7155564201933655301,2022-10-17T15:23:44,15,DE,,83200,555,590,387100,here some positive vibes and outfit inspo #marvelmerch #dancetrend #fyp #viral ,False,,nina.dulli,Nina ğŸ«¶,,,,,,False
7151775097303420165,2022-10-07T10:20:06,21,GB,,83100,90,420,1100000,Shall I do a camera comparison? #apple #fyp #foryoupage #tech #theapplecollector #iphone #iphonese #iphone13mini #foryou #foryoupage ,False,,theapplecollector,theapplecollector,,,,,,False
7153659921945464070,2022-10-12T12:14:09,11,GB,,83100,366,89,484100,layering outfits for winter ğŸ•·ï¸,False,,mia.dson,mia d,,,,,,False
7173027105167510789,2022-12-03T15:48:43,7,US,,83000,1517,1068,968300,,False,,msdami,Dami,,,,,,False
7144741036600855814,2022-09-18T11:24:18,14,IT,,81400,1263,335,403300,Questo trendâ€¦ ,False,,damian_keats,Damian Keats,,,,,,False
7143850791995018497,2022-09-16T01:49:50,15,US,,81400,474,233,1100000,#ColorCustomizer ,False,,pokrov,pokrovğŸ¥‘,,,,,,True
7160748861802155269,2022-10-31T14:42:50,10,PL,,80900,1355,380,659000,âš ï¸fake situationâš ï¸uciekaÅ‚y z krzykiem #halloween #dc #dlaciebie #fyp #fypã‚· #bandyta #fakesituation #poland #trickortreats ,False,,jabxysjav,jabxysjav,,,,,,False
7131774813617573163,2022-08-14T12:48:43,18,US,,80900,860,4565,554400,,False,,user4303438155142,Tik Toker,,,,,,False
7146669965062491435,2022-09-23T16:09:44,15,US,,80600,202,110,588100,#draft ,False,,wh0.nia,nia,,,,,,False
7162318531378416897,2022-11-04T20:14:36,11,AU,,80400,1214,425,435000,"we're both gamers, but he wants his figurines all throughout the house and I do not ğŸ˜‚ğŸ˜­ #legendofzelda #breathofthewild #game #gamer #gamercouple #gamerhome #gamerdecor #figurine #zelda #link #terrarium #gamerterrarium #figurineterrarium #moss ",False,,lexatiel,G,,,,,,False
7149152301532351750,2022-09-30T08:42:17,16,KZ,,80300,169,247,482700,Ñ‡Ñ‚Ğ¾ Ñ‚Ğ°ĞºĞ¾Ğµ ĞºĞ¾Ğ½ÑĞ¿ĞµĞºÑ‚?ğŸ¤” #Ñ€ĞµĞºĞ¾Ğ¼ĞµĞ½Ğ´Ğ°Ñ†Ğ¸Ğ¸ #ÑˆĞºĞ¾Ğ»Ğ° ,False,,elis.ray,ğ„ğ¥ğ¢ğ³ğšğ›ğğ­ğ¡,,,,,,False
7141292564937837826,2022-09-09T04:22:36,24,AU,,80200,990,956,1100000,Which one would you choose? ğŸ¡ *not financial advice* #fyp #finance #saving #mortgage #personalfinance #learnontiktok #realestate #education #rentfree #budget #savingmoney #perth #sydney #adelaide #brisbane #melbourne #trustedfinance #robboaussiemortgageguy,False,,trusted.finance,Robbo ğŸ¡ Aussie Mortgage Guy,,,,,,False
7134870985819393323,2022-08-22T21:03:26,6,US,,80100,1971,817,447900,@Brodee & Branden ,False,,shadowbannedbranden,Branden,,,,,,False
7171155078710054150,2022-11-28T14:44:17,14,IT,,80100,133,109,1100000,Promesso non lo faccio piÃ¹ mister @sergio_cp7 ğŸ˜­ #calcio #mister #TikTokCalcio ,False,,fedfreestyle,Fed,,,,,,False
7148816123952172293,2022-09-29T10:57:44,8,PL,,80100,1101,71,1000000,#popular #on #fyp ,False,,_nasta.sia7,_nasta.sia7,,,,,,False
7144467863372320006,2022-09-17T17:44:18,12,CA,,80100,222,440,690100,"pretend I didnâ€™t say â€œloveâ€ at the end, I couldnâ€™t even hear the music ğŸ˜­ Whatâ€™s your fav type of weather?â˜€ï¸ #fyp #foryou #preppy #preppyclaws #viral #trending #facereveal #fakebody ğŸ’—ğŸ’€",False,,preppyclaws,preppyclaws â€¢ maya,,,,,,False
7143322945639681286,2022-09-14T15:41:24,10,GB,,80000,195,358,1100000,ğŸ˜³ seriously?!,False,,liamsfootballshirts,LiamsFootballShirts,,,,,,False
7148452134403542314,2022-09-28T11:25:41,16,US,,79900,552,383,874300,ik i said last time was the LAST time butâ€¦,False,,monroecapri,monroe capri,,,,,,True
7151816202795388165,2022-10-07T12:59:35,10,US,,79800,3191,903,902200,Warning: this video was designed to trap thirst and has no proven medical value #fyp #foryou ,False,,levlieben,Lev Lieben,,,,,,True
7150818172797619502,2022-10-04T20:26:48,15,US,,79600,8,291,665400,Replying to @kashimvra #OverwatchMe #andGO #highschool #juniorhigh #school #teacher #teach #students #student #teachertok #teachersbelike #sweaterweather #dance ,False,,thattrendyteacher,ThatTrendyTeacherâ€‚(Mrs.Bo),,,,,,False
7193683501500206382,2023-01-28T07:46:49,11,US,,77700,247,389,851500,Makeup wonâ€™t cus it I wanna wake up like this,False,,lisapizzax,Lisa,,,,,,False
7160770310143266050,2022-10-31T16:06:15,5,AU,,77700,819,366,922900,How do i stop this cycle ğŸ¥ºğŸ¥º #weightloss #overeating #plussize #caloriedeficit #calories #weightlosstransformation #emotionaleating #sugaraddiction #selflove #selfsabotage #foodaddict #foodcravings #sugarcrash #sugarcraving #fitness #gym #fittok #emotionalmoment ,False,,britttanylaine,Brittany Laine,,,,,,False
7158394280078282026,2022-10-25T06:26:05,12,US,,77500,1306,1934,3800000,Replying to @rosekaiiszn #anklesurgeryrecovery #learnontiktok #boneplate @corycalendinemd  ,False,,corycalendinemd,Bone Doctor - Joint Pain MD,,,,,,False
7147738792407911686,2022-09-26T13:17:07,18,IT,,77500,68,153,704900,Che disastro ğŸ˜‚ğŸ˜©,False,,la.samara,Samara tramontana,,,,,,False
7144920039542525186,2022-09-18T22:59:23,5,AU,,77500,7,85,568600,#fyp #foryou #2020 ,False,,grwmalyssa,alyssa ğŸ¤,,,,,,False
7186908977165307142,2023-01-10T01:37:34,154,GB,,77400,459,417,1300000,#lilyslater #jeanslater #staceyslater #freddieslater #martinfowler #rickymitchell #jackbranning #eastendersclips #eastenderspoilers #storyline #foryoupage #fypage #4u #foryou #trending ,False,,bclips77,Bclips_77,,,,,,False
7234264241119808811,2023-05-17T17:20:10,14,US,,77400,718,290,939600,Songs that will never go old - Part 2,False,,rnbstellar,Stellar,,,,,,True
7173723135181622534,2022-12-05T12:49:37,11,DE,,76400,11800,283,617100,Their first little trip in the car. They were so excited to see whatâ€™s going on outside. ğŸ¥° #toffeeandgeorgie #bkh #bsh #britishshorthair #britischkurzhaarkitten #britischkurzhaar #catoutdoor ##catoutside #catcar #catonleash  #cat #kitten #cattrip #kittensoftiktok #catoftiktok #catadventures #catbackpack #katze #babykatze #babycat  #katzeimauto #funnycat #funnyanimals #cutecat #adventourous #catadventures #lustigekatze #adorable #sÃ¼ss #viral #fypã‚· #fyp #foryou #fÃ¼rdich #foryoupage #viral ,False,,toffee_georgie,Toffee & Georgie ğŸˆğŸˆâ€â¬›,,,,,,False
7149842613967899909,2022-10-02T05:21:10,15,IT,,76300,446,649,622600,Mia ğŸ¤,False,,mura0201,MuraA,,,,,,False
7157528890817219846,2022-10-22T22:27:51,15,EC,,76200,231,218,942800,Quien se equivocÃ³ ? Si le das al + te irÃ¡ bien en la semana â¤ï¸,False,,eidry_,Eidry,,,,,,False
7248947244513135878,2023-06-26T06:57:36,39,TH,,76000,80,96,547000,à¸Šà¹ˆà¸§à¸¢à¸«à¸™à¹ˆà¸­à¸¢à¸™à¸°à¸„à¸±à¹‰à¸š à¸ªà¸™à¸±à¸šà¸ªà¸™à¸¸à¸™à¸«à¸™à¹ˆà¸­à¸¢à¸™à¸°à¸„à¸±à¹‰à¸š! ğŸ™ğŸ»ğŸ¥¹ #fyp #song #mindtan #à¹€à¸à¸¥à¸‡ ,False,,mindtan,à¹€à¸à¸¥à¸‡à¹„à¸£à¸”à¸µà¹à¸—à¸™,,,,,,False
7144503190866971950,2022-09-17T20:01:25,15,US,,75600,975,81,822300,dance is a vibe fs,False,,laurenkettering,lolo <3,,,,,,True
7134900178292722990,2022-08-22T22:56:43,27,US,,75600,30,268,532500,#lmsh1 #lmsh1tag #lmsh #legomarvelsuperheros #legomarvelsuperheroes #legomarvel #legomarveltiktok #legogamesaccount #lego #stanlee #stanleemarvel,False,,legogamesaccount,floatyboat,,,,,,False
7142889333568130310,2022-09-13T11:38:46,19,IT,,76000,399,8,973000,Da oggi saranno disponibili anche le tute firmate da me per To be too! ğŸ˜#CharlotteMXTobetoo â¤ï¸ #tobetoo #gruppocasillo,False,,charlottebbasta,âœ¨Charlotte M.âœ¨,,,,,,False
7256800498378886406,2023-07-17T10:52:13,82,BR,,75500,1530,634,655300,The de@th of ezioğŸ¦…ğŸ˜­.      #ezio #ezioauditore #ezioauditoredafirenze #assassins #creed #assassinscreed #assassinscreed2 #assassinsceed #assassinscreedbrotherhood #assassinscreedrevelations #ac #ac2 #acbrotherhood #acrevelations #games #videogames #edit #ubisoft #ubi #fyy #fy #fyp #fypã‚· ,False,,the_kenway,The Creed,,,,,,False
7187121280141774085,2023-01-10T15:21:17,14,BR,,75500,1069,218,480300,Como usar post its nos resumos âœ¨ o video mais pedido por vocÃªs. Espero que gostem ğŸ’“ â€¢ #resumosbonitos #notesaesthetic #notestaking #stationery #studytok ,False,,kaclarastudies,Kaclarastudies ğŸ’—,,,,,,False
7207808692727598342,2023-03-07T09:19:02,15,BE,,75400,632,225,776200,summer>>,False,,kate.nita.off,Kate Nita,,,,,,False
7153679239747816710,2022-10-12T13:29:06,16,DE,,75300,115,783,976000,Wie oft hattet ihr schon Coroni?â˜¹ï¸â˜¹ï¸ IG: bauer_teresa,False,,bauer_teresa,TeresağŸ€,,,,,,False
7154152713713044782,2022-10-13T20:06:31,197,US,,75200,128,412,609600,#levig ##clashroyale ,False,,levi_g.clash,Levihasfriends,,,,,,False
7155170251716578566,2022-10-16T13:54:59,28,GB,"adopt me house ideas, tiny house adopt me, adopt me builds, adopt me house, adopt me tiny home build, tiny house, House Tours, houses, Build House, Mini House Tour",75200,1147,1965,826700,#adoptmebuilds #iamleahbuilds #adoptmetutorial #adoptmetinyhousetour #adoptmebuilder ,False,,iamleahbuilds,âœ¨ê¨„ğŸ¤.ğ•ƒğ•–ğ•’ğ•™.ğŸ¤ê¨„âœ¨,,,,,,False
7171087404491754758,2022-11-28T10:21:42,19,FI,,75000,915,414,353200,#evak #isakandeven #evakedit #isakandevenedit #isakvaltersen #evenbechnÃ¦sheim #skam #skamnorway #fyp #foryou ,False,,llovegqme,<3,,,,,,False
7141469987478228230,2022-09-09T15:50:58,18,GB,,74700,276,193,423900,Took too many tryâ€™s#foryoupage,False,,lolitagrxce,Lolitagrxce,,,,,,False
7181933487824456966,2022-12-27T15:50:00,110,BO,"bleach epic moment ichigo vs aizen, Ichigo Vs Yhwach, Ichigo Kurosaki, Ichigo Kurosaki | Bleach, bleach, Bleach Anime, Ichigo Kurosaki Edit, ichigo, Ichigo Bleach, anime epic moments",74800,664,355,881000,Respuesta a @user8069550013820 parte 2#anime#edit#ichigokurosaki#vs#yhwach#epicmoment#fy#viral#bleach#bleachsennenkessenhen#ichigovsyhwach#fight#fypã‚· ,False,,mar.dbz,Marco Condori,,,,,,False
7166964899996896518,2022-11-17T07:44:17,6,ES,,74700,1398,232,967300,SÃºper happyyyy #greenscreen #viral #orla #graduacion ,False,,monicarp_19,Moni,,,,,,False
7154865608369196334,2022-10-15T18:12:53,9,US,,74600,764,1142,911000,,False,,orewandrew,orewaandrew,,,,,,False
7135661930013789482,2022-08-25T00:12:43,29,US,,74000,43,264,495800,Dont skip leg day,False,,_itsnate,Nathan Freihofer,,,,,,True
7147307756326800645,2022-09-25T09:24:28,27,KZ,,73800,456,120,928100,Ğ˜ Ñ„Ğ¾Ñ‚Ğ¾ÑˆĞ¾Ğ¿ Ğ½Ğµ Ğ½ÑƒĞ¶ĞµĞ½ğŸ˜ŒğŸ”¥,False,,justking_real,JustKing,,,,,,True
7334146463863262470,2024-02-10T20:14:08,13,BR,"sweater weather, Jikook, jikook moments, sweater weather jikook, BTS Edit, Jungkook - BTS, Jeon Jungkook, Jung Kook Edit, Jimin, BTS Park Jimin",74500,3572,724,316600,"#JIKOOK : one love, two mouths #edit #viral #fy #foryou #fypã‚· #jungkook #jimin #jikook ",False,,kooriinguei,thy. á¥«á­¡,,,,,,False
7148179504404499718,2022-09-27T17:47:22,15,ES,,73700,369,93,444600,ğŸ â¤ï¸,False,,marruyt,Marru,,,,,,True
7164433177686084869,2022-11-10T11:59:52,14,FR,,73800,2211,317,1100000,the last time ğŸ’” #seasonsofblossom #sojuyeon #seojihoon #kdrama #dramagl #hitv ,False,,dramagld,dramagld â™¥ï¸,,,,,,False
7144020039748914434,2022-09-16T12:46:31,14,US,,73600,191,182,752900,@pokrov ğŸ–¤,False,,kennelly_michelle,Michelle Kennelly,,,,,,True
7155604623586364677,2022-10-17T18:00:37,23,CA,,73300,384,392,542700,#fitnesscommunity ,False,,connorsinalt,connor,,,,,,False
7252435663268728070,2023-07-05T16:34:28,84,EC,,73300,478,383,715800,Cuando esta es la primera vez que se conocenğŸ˜®ğŸ”¥ #tatenoyuusha #tatenoyuushanonarigari #fyp #anime #parati #animefyp #comedia #kawai #latino #animeedit #viral Contenido COMPLETO en mi facebook:) LINK en mi Perfil ,False,,cj_jostin,JelioC,,,,,,False
7150432149785595182,2022-10-03T19:28:46,5,US,,72400,152,98,1700000,"cooter watch, if you will. iykyk",False,,savidawson,sav,,,,,,False
7156300139588586758,2022-10-19T14:59:34,50,MX,,72400,1579,79,1400000,â‚ŠËš à­¨ idea de regalo à­§ Ëšâ‚Š cc: artdaellen en ig #fyp #fypã‚· #fy #fyy #foryou #fypage #foryoupage #EndlessJourney #viral #goviral #coquette #xyzbca #inspo #pinterest #instagram #Edit #Aesthetic #regalo #regalos #gift #manualidades @TikTok ,False,,cooquettee,les <3,,,,,,False
7300100805145791749,2023-11-11T02:19:33,16,EC,,71600,380,206,505700,Que viva el crymua #parati #xcry #cry #xcryboy #crymua #cryedits #yerimua #crymua2 ,False,,cryjuicy,CryjuicyğŸ•·ï¸,,,,,,False
7152234463374675243,2022-10-08T16:02:44,5,US,,71600,896,1091,1400000,,False,,penelope_kz,Penelope,,,,,,False
7145426690615807233,2022-09-20T07:45:07,15,UZ,,71600,674,338,818900,Ğ”Ğ°Ğ²Ğ½Ğ¾ Ñ…Ğ¾Ñ‚ĞµĞ»Ğ° ÑĞ½ÑÑ‚ÑŒ ğŸ’•,False,,mcdiny_u1,McDiny,,,,,,False
7143356821217004843,2022-09-14T17:53:03,20,US,,71400,12200,2630,154800,#fyp #foryou #foryoupage #viral #amikuyateh,False,,amikuyateh,Ami âœ¨âœ¨,,,,,,False
7186350323210997034,2023-01-08T13:29:46,50,US,,71400,828,364,498000,"If anyone is looking for one of these, this is it. #corvette #z06 #civic ",False,,reallyonlyaiden,ROA,,,,,,False
7159751244431641861,2022-10-28T22:11:41,9,DO,,71300,1654,172,601900,Melo ğŸ¥¶#09_crosovers #hyp #parati #lameloballedit #charlottehornets ,False,,09_crosovers,09_MVPâš¡ï¸,,,,,,False
7143291253927546155,2022-09-14T13:38:54,15,US,,71300,543,510,502000,GUESS WHOS BACK @connor ,False,,brycebuse3,brycebuse,,,,,,False
7159827539488214274,2022-10-29T03:07:51,63,AU,,71200,194,1873,740500,#dailygeo #guessinggame #geography #guesstheflags #levelmedium #fypã‚· ,False,,dailygeoo,Daily Geography,,,,,,False
7133848689944235310,2022-08-20T02:56:27,14,US,,71000,477,759,348200,#fyp #viral #foryou #arkansas #blowthisup ,False,,jacobmurray42,Jacob Murray,,,,,,False
